{
"textures": {
    "particle": "blocks/planks_oak",
    "texture": "blocks/fence_oak"
},
"elements": [ 
{
    "__comment": "Left-hand post",
    "from": [ 0, 0, 6.5 ],
    "to": [ 3, 16, 9.5 ],
    "faces": {
        "down":  { "uv": [ 0, 10, 3, 7 ], "texture": "#texture" },
        "up":    { "uv": [ 0, 7, 3, 10 ], "texture": "#texture" },
        "north": { "uv": [ 6.5, 0, 9.5, 16 ], "texture": "#texture" },
        "south": { "uv": [ 6.5, 0, 9.5, 16 ], "texture": "#texture" },
        "west":  { "uv": [ 6.5, 0, 9.5, 16 ], "texture": "#texture", "cullface": "west" },
        "east":  { "uv": [ 6.5, 0, 9.5, 16 ], "texture": "#texture" }
    }
},
{
    "__comment": "Right-hand post",
    "from": [ 13, 0, 6.5 ],
    "to": [ 16, 16, 9.5 ],
    "faces": {
        "down":  { "uv": [ 13, 10, 16, 7 ], "texture": "#texture" },
        "up":    { "uv": [ 13, 7, 16, 10 ], "texture": "#texture" },
        "north": { "uv": [ 6.5, 0, 9.5, 16 ], "texture": "#texture" },
        "south": { "uv": [ 6.5, 0, 9.5, 16 ], "texture": "#texture" },
        "west":  { "uv": [ 6.5, 0, 9.5, 16 ], "texture": "#texture" },
        "east":  { "uv": [ 6.5, 0, 9.5, 16 ], "texture": "#texture", "cullface": "east" }
    }
},
{
    "__comment": "Inner vertical post of left-hand gate door",
    "from": [ 6.5, 6, 7 ],
    "to": [ 8, 15, 9 ],
    "faces": {
        "down":  { "uv": [ 6.5, 9, 8, 7 ], "texture": "#texture" },
        "up":    { "uv": [ 6.5, 7, 8, 9 ], "texture": "#texture" },
        "north": { "uv": [ 8, 1, 9.5, 10 ], "texture": "#texture" },
        "south": { "uv": [ 6.5, 1, 8, 10 ], "texture": "#texture" },
        "west":  { "uv": [ 7, 1, 9, 10 ], "texture": "#texture" },
        "east":  { "uv": [ 7, 1, 9, 10 ], "texture": "#texture" }
    }
},
{
    "__comment": "Inner vertical post of right-hand gate door",
    "from": [ 8, 6, 7 ],
    "to": [ 9.5, 15, 9 ],
    "faces": {
        "down":  { "uv": [ 8, 9, 9.5, 7 ], "texture": "#texture" },
        "up":    { "uv": [ 8, 7, 9.5, 9 ], "texture": "#texture" },
        "north": { "uv": [ 6.5, 1, 8, 10 ], "texture": "#texture" },
        "south": { "uv": [ 8, 1, 9.5, 10 ], "texture": "#texture" },
        "west":  { "uv": [ 7, 1, 9, 10 ], "texture": "#texture" },
        "east":  { "uv": [ 7, 1, 9, 10 ], "texture": "#texture" }
    }
},
{
    "__comment": "Lower horizontal bar of left-hand gate door",
    "from": [ 3, 6, 7 ],
    "to": [ 6.5, 9, 9 ],
    "faces": {
        "down":  { "uv": [ 3, 9, 6.5, 7 ], "texture": "#texture" },
        "up":    { "uv": [ 3, 7, 6.5, 9 ], "texture": "#texture" },
        "north": { "uv": [ 9.5, 7, 13, 10 ], "texture": "#texture" },
        "south": { "uv": [ 3, 7, 6.5, 10 ], "texture": "#texture" }
    }
},
{
    "__comment": "Upper horizontal bar of left-hand gate door",
    "from": [ 3, 12, 7 ],
    "to": [ 6.5, 15, 9 ],
    "faces": {
        "down":  { "uv": [ 3, 9, 6.5, 7 ], "texture": "#texture" },
        "up":    { "uv": [ 3, 7, 6.5, 9 ], "texture": "#texture" },
        "north": { "uv": [ 9.5, 1, 13, 4 ], "texture": "#texture" },
        "south": { "uv": [ 3, 1, 6.5, 4 ], "texture": "#texture" }
    }
},
{
    "__comment": "Lower horizontal bar of right-hand gate door",
    "from": [ 9.5, 6, 7 ],
    "to": [ 13, 9, 9 ],
    "faces": {
        "down":  { "uv": [ 9.5, 9, 13, 7 ], "texture": "#texture" },
        "up":    { "uv": [ 9.5, 7, 13, 9 ], "texture": "#texture" },
        "north": { "uv": [ 3, 7, 6.5, 10 ], "texture": "#texture" },
        "south": { "uv": [ 9.5, 7, 13, 10 ], "texture": "#texture" }
    }
},
{
    "__comment": "Upper horizontal bar of right-hand gate door",
    "from": [ 9.5, 12, 7 ],
    "to": [ 13, 15, 9 ],
    "faces": {
        "down":  { "uv": [ 9.5, 9, 13, 7 ], "texture": "#texture" },
        "up":    { "uv": [ 9.5, 7, 13, 9 ], "texture": "#texture" },
        "north": { "uv": [ 3, 1, 6.5, 4 ], "texture": "#texture" },
        "south": { "uv": [ 9.5, 1, 13, 4 ], "texture": "#texture" }
    }
}
]
}