{
"textures": {
    "particle": "blocks/planks_oak",
    "texture": "blocks/fence_oak"
},
"elements": [ 
{
    "__comment": "Upper horizontal bar of right-hand gate door*",
    "from": [ 0.5, 6, 3 ],
    "to": [ 2.5, 9, 6.5 ],
    "faces": {
        "down":  { "uv": [ 6.5, 4.5, 8.5, 1 ], "texture": "#texture" },
        "up":    { "uv": [ 7, 3, 9, 6.5 ], "texture": "#texture" },
        "west":  { "uv": [ 1.5, 1, 5, 4 ], "texture": "#texture" },
        "east":  { "uv": [ 9.5, 1, 13, 4 ], "texture": "#texture" }
    }
},
{
    "__comment": "Inner vertical post of right-hand gate door*",
    "from": [ 0.5, 6, 1.5 ],
    "to": [ 2.5, 15, 3 ],
    "faces": {
        "down":  { "uv": [ 6.5, 3, 8.5, 1.5 ], "texture": "#texture" },
        "up":    { "uv": [ 7, 13.5, 9, 15 ], "texture": "#texture" },
        "north": { "uv": [ 6.5, 1, 8.5, 10 ], "texture": "#texture" },
        "south": { "uv": [ 6.5, 1, 8.5, 10 ], "texture": "#texture" },
        "west":  { "uv": [ 6.5, 1, 8, 10 ], "texture": "#texture" },
        "east":  { "uv": [ 6.5, 1, 8, 10 ], "texture": "#texture" }
    }
},
{
    "__comment": "Upper horizontal bar of right-hand gate door*",
    "from": [ 0.5, 12, 3 ],
    "to": [ 2.5, 15, 6.5 ],
    "faces": {
        "down":  { "uv": [ 6.5, 4.5, 8.5, 1 ], "texture": "#texture" },
        "up":    { "uv": [ 7, 3, 9, 6.5 ], "texture": "#texture" },
        "west":  { "uv": [ 1.5, 1, 5, 4 ], "texture": "#texture" },
        "east":  { "uv": [ 9.5, 1, 13, 4 ], "texture": "#texture" }
    }
},
{
    "__comment": "Upper horizontal bar of right-hand gate door*",
    "from": [ 13.5, 6, 3 ],
    "to": [ 15.5, 9, 6.5 ],
    "faces": {
        "down":  { "uv": [ 6.5, 4.5, 8.5, 1 ], "texture": "#texture" },
        "up":    { "uv": [ 7, 3, 9, 6.5 ], "texture": "#texture" },
        "west":  { "uv": [ 1.5, 1, 5, 4 ], "texture": "#texture" },
        "east":  { "uv": [ 9.5, 1, 13, 4 ], "texture": "#texture" }
    }
},
{
    "__comment": "Left-hand post",
    "from": [ 0, 0, 6.5 ],
    "to": [ 3, 16, 9.5 ],
    "faces": {
        "down":  { "uv": [ 0, 10, 3, 7 ], "texture": "#texture" },
        "up":    { "uv": [ 0, 7, 3, 10 ], "texture": "#texture" },
        "north": { "uv": [ 6.5, 0, 9.5, 16 ], "texture": "#texture" },
        "south": { "uv": [ 6.5, 0, 9.5, 16 ], "texture": "#texture" },
        "west":  { "uv": [ 6.5, 0, 9.5, 16 ], "texture": "#texture", "cullface": "west" },
        "east":  { "uv": [ 6.5, 0, 9.5, 16 ], "texture": "#texture" }
    }
},
{
    "__comment": "Right-hand post",
    "from": [ 13, 0, 6.5 ],
    "to": [ 16, 16, 9.5 ],
    "faces": {
        "down":  { "uv": [ 13, 10, 16, 7 ], "texture": "#texture" },
        "up":    { "uv": [ 13, 7, 16, 10 ], "texture": "#texture" },
        "north": { "uv": [ 6.5, 0, 9.5, 16 ], "texture": "#texture" },
        "south": { "uv": [ 6.5, 0, 9.5, 16 ], "texture": "#texture" },
        "west":  { "uv": [ 6.5, 0, 9.5, 16 ], "texture": "#texture" },
        "east":  { "uv": [ 6.5, 0, 9.5, 16 ], "texture": "#texture", "cullface": "east" }
    }
},
{
    "__comment": "Inner vertical post of right-hand gate door",
    "from": [ 13.5, 6, 1.5 ],
    "to": [ 15.5, 15, 3 ],
    "faces": {
        "down":  { "uv": [ 6.5, 3, 8.5, 1.5 ], "texture": "#texture" },
        "up":    { "uv": [ 7, 13.5, 9, 15 ], "texture": "#texture" },
        "north": { "uv": [ 6.5, 1, 8.5, 10 ], "texture": "#texture" },
        "south": { "uv": [ 6.5, 1, 8.5, 10 ], "texture": "#texture" },
        "west":  { "uv": [ 6.5, 1, 8, 10 ], "texture": "#texture" },
        "east":  { "uv": [ 6.5, 1, 8, 10 ], "texture": "#texture" }
    }
},
{
    "__comment": "Upper horizontal bar of right-hand gate door",
    "from": [ 13.5, 12, 3 ],
    "to": [ 15.5, 15, 6.5 ],
    "faces": {
        "down":  { "uv": [ 6.5, 4.5, 8.5, 1 ], "texture": "#texture" },
        "up":    { "uv": [ 7, 3, 9, 6.5 ], "texture": "#texture" },
        "west":  { "uv": [ 1.5, 1, 5, 4 ], "texture": "#texture" },
        "east":  { "uv": [ 9.5, 1, 13, 4 ], "texture": "#texture" }
    }
}
]
}