{
    "__comment": "Fair warning, this format is highly likely to change even more in the future!",
    "variants": {
        "power=15": { "model": "daylight_detector_inverted_1", "y": 90 },
        "power=14": { "model": "daylight_detector_inverted_1", "y": 90 },
        "power=13": { "model": "daylight_detector_inverted_1", "y": 90 },
        "power=12": { "model": "daylight_detector_inverted_1", "y": 90 },
        "power=11": { "model": "daylight_detector_inverted_1", "y": 90 },
        "power=10": { "model": "daylight_detector_inverted_1", "y": 90 },
        "power=9": { "model": "daylight_detector_inverted_1", "y": 90 },
        "power=8": { "model": "daylight_detector_inverted_1", "y": 90 },
        "power=7": { "model": "daylight_detector_inverted_1", "y": 90 },
        "power=6": { "model": "daylight_detector_inverted_1", "y": 90 },
        "power=5": { "model": "daylight_detector_inverted_1", "y": 90 },
        "power=4": { "model": "daylight_detector_inverted_2", "y": 90 },
        "power=3": { "model": "daylight_detector_inverted_2", "y": 90 },
        "power=2": { "model": "daylight_detector_inverted_2", "y": 90 },
        "power=1": { "model": "daylight_detector_inverted_3", "y": 90 },
        "power=0": { "model": "daylight_detector_inverted_3", "y": 90 }
    }
}
