{
    "__comment": "Fair warning, this format is highly likely to change even more in the future!",
    "variants": {
        "powered=false,shape=north_south":  { "model": "golden_rail_flat" },
        "powered=false,shape=east_west":  { "model": "golden_rail_flat", "y": 90 },
        "powered=false,shape=ascending_east": { "model": "golden_rail_raised_ne", "y": 90 },
        "powered=false,shape=ascending_west": { "model": "golden_rail_raised_ne", "y": 270 },
        "powered=false,shape=ascending_north": { "model": "golden_rail_raised_ne" },
        "powered=false,shape=ascending_south": { "model": "golden_rail_raised_ne", "y": 180 },
        "powered=true,shape=north_south":  { "model": "golden_rail_active_flat" },
        "powered=true,shape=east_west":  { "model": "golden_rail_active_flat", "y": 90 },
        "powered=true,shape=ascending_west": { "model": "golden_rail_active_raised_ne", "y": 90 },
        "powered=true,shape=ascending_east": { "model": "golden_rail_active_raised_ne", "y": 270 },
        "powered=true,shape=ascending_north": { "model": "golden_rail_active_raised_ne" },
        "powered=true,shape=ascending_south": { "model": "golden_rail_active_raised_ne", "y": 180 }
    }
}
