{
    "variants": {
        "facing=east,half=lower,hinge=left,open=false":  { "model": "door_jungle_bottom" },
        "facing=south,half=lower,hinge=left,open=false": { "model": "door_jungle_bottom", "y": 90 },
        "facing=west,half=lower,hinge=left,open=false":  { "model": "door_jungle_bottom", "y": 180 },
        "facing=north,half=lower,hinge=left,open=false": { "model": "door_jungle_bottom", "y": 270 },
        "facing=east,half=lower,hinge=right,open=false":  { "model": "door_jungle_bottom" },
        "facing=south,half=lower,hinge=right,open=false": { "model": "door_jungle_bottom", "y": 90 },
        "facing=west,half=lower,hinge=right,open=false":  { "model": "door_jungle_bottom", "y": 180 },
        "facing=north,half=lower,hinge=right,open=false": { "model": "door_jungle_bottom", "y": 270 },
        "facing=east,half=lower,hinge=left,open=true":  { "model": "door_jungle_bottom_open" },
        "facing=south,half=lower,hinge=left,open=true": { "model": "door_jungle_bottom_open", "y": 90 },
        "facing=west,half=lower,hinge=left,open=true":  { "model": "door_jungle_bottom_open", "y": 180},
        "facing=north,half=lower,hinge=left,open=true": { "model": "door_jungle_bottom_open", "y": 270  },
        "facing=east,half=lower,hinge=right,open=true":  { "model": "door_jungle_bottom_open", "y": 180 },
        "facing=south,half=lower,hinge=right,open=true": { "model": "door_jungle_bottom_open", "y": 270 },
        "facing=west,half=lower,hinge=right,open=true":  { "model": "door_jungle_bottom_open" },
        "facing=north,half=lower,hinge=right,open=true": { "model": "door_jungle_bottom_open", "y": 90 },
        "facing=east,half=upper,hinge=left,open=false":  { "model": "door_jungle_top" },
        "facing=south,half=upper,hinge=left,open=false": { "model": "door_jungle_top", "y": 90 },
        "facing=west,half=upper,hinge=left,open=false":  { "model": "door_jungle_top", "y": 180 },
        "facing=north,half=upper,hinge=left,open=false": { "model": "door_jungle_top", "y": 270 },
        "facing=east,half=upper,hinge=right,open=false":  { "model": "door_jungle_top" },
        "facing=south,half=upper,hinge=right,open=false": { "model": "door_jungle_top", "y": 90 },
        "facing=west,half=upper,hinge=right,open=false":  { "model": "door_jungle_top", "y": 180 },
        "facing=north,half=upper,hinge=right,open=false": { "model": "door_jungle_top", "y": 270 },
        "facing=east,half=upper,hinge=left,open=true":  { "model": "door_jungle_top_open" },
        "facing=south,half=upper,hinge=left,open=true": { "model": "door_jungle_top_open", "y": 90 },
        "facing=west,half=upper,hinge=left,open=true":  { "model": "door_jungle_top_open", "y": 180 },
        "facing=north,half=upper,hinge=left,open=true": { "model": "door_jungle_top_open", "y": 270 },
        "facing=east,half=upper,hinge=right,open=true":  { "model": "door_jungle_top_open", "y": 180 },
        "facing=south,half=upper,hinge=right,open=true": { "model": "door_jungle_top_open", "y": 270 },
        "facing=west,half=upper,hinge=right,open=true":  { "model": "door_jungle_top_open" },
        "facing=north,half=upper,hinge=right,open=true": { "model": "door_jungle_top_open", "y": 90 }
    }
}
