{
    "__comment": "Fair warning, this format is highly likely to change even more in the future!",
    "variants": {
        "east=false,north=false,south=false,up=false,west=false": { "model": "mossy_wall_post" },
        "east=false,north=true,south=false,up=false,west=false":  { "model": "mossy_wall_n" },
        "east=true,north=false,south=false,up=false,west=false":  { "model": "mossy_wall_n", "y": 90, "uvlock": true },
        "east=false,north=false,south=true,up=false,west=false":  { "model": "mossy_wall_n", "y": 180, "uvlock": true },
        "east=false,north=false,south=false,up=false,west=true":  { "model": "mossy_wall_n", "y": 270, "uvlock": true },
        "east=true,north=true,south=false,up=false,west=false":   { "model": "mossy_wall_ne" },
        "east=true,north=false,south=true,up=false,west=false":   { "model": "mossy_wall_ne", "y": 90, "uvlock": true },
        "east=false,north=false,south=true,up=false,west=true":   { "model": "mossy_wall_ne", "y": 180, "uvlock": true },
        "east=false,north=true,south=false,up=false,west=true":   { "model": "mossy_wall_ne", "y": 270, "uvlock": true },
        "east=false,north=true,south=true,up=false,west=false":   { "model": "mossy_wall_ns" },
        "east=true,north=false,south=false,up=false,west=true":   { "model": "mossy_wall_ns", "y": 90, "uvlock": true },
        "east=true,north=true,south=true,up=false,west=false":    { "model": "mossy_wall_nse" },
        "east=true,north=false,south=true,up=false,west=true":    { "model": "mossy_wall_nse", "y": 90, "uvlock": true },
        "east=false,north=true,south=true,up=false,west=true":    { "model": "mossy_wall_nse", "y": 180, "uvlock": true },
        "east=true,north=true,south=false,up=false,west=true":    { "model": "mossy_wall_nse", "y": 270, "uvlock": true },
        "east=true,north=true,south=true,up=false,west=true":     { "model": "mossy_wall_nsew" },
        "east=false,north=false,south=false,up=true,west=false":  { "model": "mossy_wall_post_above" },
        "east=false,north=true,south=false,up=true,west=false":   { "model": "mossy_wall_n_above" },
        "east=true,north=false,south=false,up=true,west=false":   { "model": "mossy_wall_n_above", "y": 90, "uvlock": true },
        "east=false,north=false,south=true,up=true,west=false":   { "model": "mossy_wall_n_above", "y": 180, "uvlock": true },
        "east=false,north=false,south=false,up=true,west=true":   { "model": "mossy_wall_n_above", "y": 270, "uvlock": true },
        "east=true,north=true,south=false,up=true,west=false":    { "model": "mossy_wall_ne_above" },
        "east=true,north=false,south=true,up=true,west=false":    { "model": "mossy_wall_ne_above", "y": 90, "uvlock": true },
        "east=false,north=false,south=true,up=true,west=true":    { "model": "mossy_wall_ne_above", "y": 180, "uvlock": true },
        "east=false,north=true,south=false,up=true,west=true":    { "model": "mossy_wall_ne_above", "y": 270, "uvlock": true },
        "east=false,north=true,south=true,up=true,west=false":    { "model": "mossy_wall_ns_above" },
        "east=true,north=false,south=false,up=true,west=true":    { "model": "mossy_wall_ns_above", "y": 90, "uvlock": true },
        "east=true,north=true,south=true,up=true,west=false":     { "model": "mossy_wall_nse_above" },
        "east=true,north=false,south=true,up=true,west=true":     { "model": "mossy_wall_nse_above", "y": 90, "uvlock": true },
        "east=false,north=true,south=true,up=true,west=true":     { "model": "mossy_wall_nse_above", "y": 180, "uvlock": true },
        "east=true,north=true,south=false,up=true,west=true":     { "model": "mossy_wall_nse_above", "y": 270, "uvlock": true },
        "east=true,north=true,south=true,up=true,west=true":      { "model": "mossy_wall_nsew_above" }
    }
}
