{
    "__comment": "Fair warning, this format is highly likely to change even more in the future!",
    "variants": {
        "facing=north,mode=compare,powered=false": { "model": "comparator_unlit" },
        "facing=east,mode=compare,powered=false": { "model": "comparator_unlit", "y": 90 },
        "facing=south,mode=compare,powered=false": { "model": "comparator_unlit", "y": 180 },
        "facing=west,mode=compare,powered=false": { "model": "comparator_unlit", "y": 270 },
        "facing=north,mode=subtract,powered=false": { "model": "comparator_unlit_subtract" },
        "facing=east,mode=subtract,powered=false": { "model": "comparator_unlit_subtract", "y": 90 },
        "facing=south,mode=subtract,powered=false": { "model": "comparator_unlit_subtract", "y": 180 },
        "facing=west,mode=subtract,powered=false": { "model": "comparator_unlit_subtract", "y": 270 },
        "facing=north,mode=compare,powered=true": { "model": "comparator_lit" },
        "facing=east,mode=compare,powered=true": { "model": "comparator_lit", "y": 90 },
        "facing=south,mode=compare,powered=true": { "model": "comparator_lit", "y": 180 },
        "facing=west,mode=compare,powered=true": { "model": "comparator_lit", "y": 270 },
        "facing=north,mode=subtract,powered=true": { "model": "comparator_lit_subtract" },
        "facing=east,mode=subtract,powered=true": { "model": "comparator_lit_subtract", "y": 90 },
        "facing=south,mode=subtract,powered=true": { "model": "comparator_lit_subtract", "y": 180 },
        "facing=west,mode=subtract,powered=true": { "model": "comparator_lit_subtract", "y": 270 }
    }
}
