{
    "__comment": "Fair warning, this format is highly likely to change even more in the future!",
    "variants": {
        "normal": [
            { "model": "red_mushroom" },
            { "model": "red_mushroom", "y": 90 },
            { "model": "red_mushroom", "y": 180 },
            { "model": "red_mushroom", "y": 270 },
            { "model": "red_mushroom_1" },
            { "model": "red_mushroom_1", "y": 90 },
            { "model": "red_mushroom_1", "y": 180 },
            { "model": "red_mushroom_1", "y": 270 }
        ]
    }
}
