{
"ambientocclusion": false,
"textures": {
    "particle": "blocks/door_acacia_upper",
    "texture": "blocks/door_acacia_upper"
},
"elements": [ 
{
    "from": [ 0, 0, 0 ],
    "to": [ 3, 16, 2.5 ],
    "faces": {
        "up":    { "uv": [ 0.5, 0.5, 3.5, 3 ], "rotation": 90, "texture": "#texture" },
        "north": { "uv": [ 2.5, 0, 0, 16 ], "texture": "#texture", "cullface": "north" },
        "south": { "uv": [ 2.5, 0, 0, 16 ], "texture": "#texture", "cullface": "south" },
        "west":  { "uv": [ 0, 0, 2.5, 16 ], "texture": "#texture", "cullface": "west" },
        "east":  { "uv": [ 2.5, 0, 0, 16 ], "texture": "#texture" }
    }
},
{
    "from": [ 0, 0, 13 ],
    "to": [ 3, 16, 16 ],
    "faces": {
        "up":    { "uv": [ 12, 0.5, 15, 3 ], "rotation": 90, "texture": "#texture" },
        "north": { "uv": [ 0, 0, 2.5, 16 ], "texture": "#texture", "cullface": "north" },
        "south": { "uv": [ 0, 0, 2.5, 16 ], "texture": "#texture", "cullface": "south" },
        "west":  { "uv": [ 13, 0, 16, 16 ], "texture": "#texture", "cullface": "west" },
        "east":  { "uv": [ 16, 0, 13, 16 ], "texture": "#texture" }
    }
},
{
    "from": [ 0.5, 0, 9 ],
    "to": [ 2.5, 13, 10.5 ],
    "faces": {
        "north": { "uv": [ 13, 0, 16, 13 ], "texture": "#texture", "cullface": "north" },
        "south": { "uv": [ 16, 0, 13, 13 ], "texture": "#texture", "cullface": "south" },
        "west":  { "uv": [ 9, 3, 10.5, 16 ], "texture": "#texture", "cullface": "west" },
        "east":  { "uv": [ 10.5, 3, 9, 16 ], "texture": "#texture" }
    }
},
{
    "from": [ 0.5, 0, 5 ],
    "to": [ 2.5, 13, 6.5 ],
    "faces": {
        "north": { "uv": [ 13, 3, 16, 16 ], "texture": "#texture", "cullface": "north" },
        "south": { "uv": [ 16, 3, 13, 16 ], "texture": "#texture", "cullface": "south" },
        "west":  { "uv": [ 5, 3, 6.5, 16 ], "texture": "#texture", "cullface": "west" },
        "east":  { "uv": [ 6.5, 3, 5, 16 ], "texture": "#texture" }
    }
},
{
    "from": [ 0.5, 9, 2.5 ],
    "to": [ 2.5, 10.5, 5 ],
    "faces": {
        "down":  { "uv": [ 6.5, 0.5, 9.5, 3 ], "rotation": 90, "texture": "#texture", "cullface": "down" },
        "up":    { "uv": [ 6, 3, 9, 0.5 ], "rotation": 90, "texture": "#texture" },
        "west":  { "uv": [ 2.5, 5.5, 5, 7 ], "texture": "#texture", "cullface": "west" },
        "east":  { "uv": [ 5, 5.5, 2.5, 7 ], "texture": "#texture" }
    }
},
{
    "from": [ 0.5, 2.5, 2.5 ],
    "to": [ 2.5, 4, 5 ],
    "faces": {
        "down":  { "uv": [ 6, 0.5, 9, 3 ], "rotation": 90, "texture": "#texture", "cullface": "down" },
        "up":    { "uv": [ 6, 3, 9, 0.5 ], "rotation": 90, "texture": "#texture" },
        "west":  { "uv": [ 2.5, 12, 5, 13.5 ], "texture": "#texture", "cullface": "west" },
        "east":  { "uv": [ 2.5, 12, 5, 13.5 ], "texture": "#texture" }
    }
},
{
    "from": [ 0.5, 9, 6.5 ],
    "to": [ 2.5, 10.5, 9 ],
    "faces": {
        "down":  { "uv": [ 6, 0.5, 9, 3 ], "rotation": 90, "texture": "#texture", "cullface": "down" },
        "up":    { "uv": [ 6, 3, 9, 0.5 ], "rotation": 90, "texture": "#texture" },
        "west":  { "uv": [ 6.5, 5.5, 9, 7 ], "texture": "#texture", "cullface": "west" },
        "east":  { "uv": [ 9, 5.5, 6.5, 7 ], "texture": "#texture" }
    }
},
{
    "from": [ 0.5, 2.5, 10.5 ],
    "to": [ 2.5, 4, 13 ],
    "faces": {
        "down":  { "uv": [ 6, 0.5, 9, 3 ], "rotation": 90, "texture": "#texture", "cullface": "down" },
        "up":    { "uv": [ 6, 3, 9, 0.5 ], "rotation": 90, "texture": "#texture" },
        "west":  { "uv": [ 10.5, 12, 13, 13.5 ], "texture": "#texture", "cullface": "west" },
        "east":  { "uv": [ 13, 12, 10.5, 13.5 ], "texture": "#texture" }
    }
},
{
    "from": [ 0.5, 9, 10.5 ],
    "to": [ 2.5, 10.5, 13 ],
    "faces": {
        "down":  { "uv": [ 6.5, 0.5, 9.5, 3 ], "rotation": 90, "texture": "#texture", "cullface": "down" },
        "up":    { "uv": [ 6, 3, 9, 0.5 ], "rotation": 90, "texture": "#texture" },
        "west":  { "uv": [ 10.5, 5.5, 13, 7 ], "texture": "#texture", "cullface": "west" },
        "east":  { "uv": [ 13, 5.5, 10.5, 7 ], "texture": "#texture" }
    }
},
{
    "from": [ 0, 13, 2.5 ],
    "to": [ 3, 16, 13 ],
    "faces": {
        "down":  { "uv": [ 2.5, 0.5, 13, 3 ], "rotation": 90, "texture": "#texture", "cullface": "down" },
        "up":    { "uv": [ 2.5, 0.5, 13, 3 ], "rotation": 90, "texture": "#texture" },
        "west":  { "uv": [ 2.5, 0, 13, 3 ], "texture": "#texture", "cullface": "west" },
        "east":  { "uv": [ 13, 0, 2.5, 3 ], "texture": "#texture" }
    }
}
]
}