{
"__comment": "Designed by Filmjolk",
"textures": {
    "particle": "blocks/door_birch_upper",
    "texture": "blocks/door_birch_upper"
},
"elements": [ 
{
    "from": [ 0.5, 0, 3.5 ],
    "to": [ 2.5, 1, 12.5 ],
    "faces": {
        "down":  { "uv": [ 0.5, 12.5, 2.5, 3.5 ], "texture": "#texture" },
        "up":    { "uv": [ 0.5, 3.5, 2.5, 12.5 ], "texture": "#texture" },
        "north": { "uv": [ 13.5, 15, 15.5, 16 ], "texture": "#texture" },
        "south": { "uv": [ 0.5, 15, 2.5, 16 ], "texture": "#texture" },
        "west":  { "uv": [ 3.5, 15, 12.5, 16 ], "texture": "#texture" },
        "east":  { "uv": [ 12.5, 15, 3.5, 16 ], "texture": "#texture" }
    }
},
{
    "from": [ 0.5, 6.5, 3.5 ],
    "to": [ 2.5, 7.5, 12.5 ],
    "faces": {
        "down":  { "uv": [ 0.5, 12.5, 2.5, 3.5 ], "texture": "#texture" },
        "up":    { "uv": [ 0.5, 3.5, 2.5, 12.5 ], "texture": "#texture" },
        "north": { "uv": [ 13.5, 8.5, 15.5, 9.5 ], "texture": "#texture" },
        "south": { "uv": [ 0.5, 8.5, 2.5, 9.5 ], "texture": "#texture" },
        "west":  { "uv": [ 3.5, 8.5, 12.5, 9.5 ], "texture": "#texture" },
        "east":  { "uv": [ 12.5, 8.5, 3.5, 9.5 ], "texture": "#texture" }
    }
},
{
    "from": [ 0.5, 1, 7.5 ],
    "to": [ 2.5, 13, 8.5 ],
    "faces": {
        "down":  { "uv": [ 0.5, 8.5, 2.5, 7.5 ], "texture": "#texture" },
        "up":    { "uv": [ 0.5, 7.5, 2.5, 8.5 ], "texture": "#texture" },
        "north": { "uv": [ 2.5, 3, 0.5, 15 ], "texture": "#texture" },
        "south": { "uv": [ 0.5, 3, 2.5, 15 ], "texture": "#texture" },
        "west":  { "uv": [ 7.5, 3, 8.5, 15 ], "texture": "#texture" },
        "east":  { "uv": [ 8.5, 3, 7.5, 15 ], "texture": "#texture" }
    }
},
{
    "from": [ 0, 0, 12.5 ],
    "to": [ 3, 16, 16 ],
    "faces": {
        "up":    { "uv": [ 0, 12.5, 3, 16 ], "texture": "#texture" },
        "north": { "uv": [ 3, 0, 0, 16 ], "texture": "#texture" },
        "south": { "uv": [ 0, 0, 3, 16 ], "texture": "#texture" },
        "west":  { "uv": [ 12.5, 0, 16, 16 ], "texture": "#texture" },
        "east":  { "uv": [ 16, 0, 12.5, 16 ], "texture": "#texture" }
    }
},
{
    "from": [ 0, 0, 0 ],
    "to": [ 3, 16, 3.5 ],
    "faces": {
        "up":    { "uv": [ 0, 0, 3, 3.5 ], "texture": "#texture" },
        "north": { "uv": [ 3, 0, 0, 16 ], "texture": "#texture" },
        "south": { "uv": [ 0, 0, 3, 16 ], "texture": "#texture" },
        "west":  { "uv": [ 0, 0, 3.5, 16 ], "texture": "#texture" },
        "east":  { "uv": [ 3.5, 0, 0, 16 ], "texture": "#texture" }
    }
},
{
    "from": [ 0, 13, 3.5 ],
    "to": [ 3, 16, 12.5 ],
    "faces": {
        "down":  { "uv": [ 0, 12.5, 3, 3.5 ], "texture": "#texture" },
        "up":    { "uv": [ 0, 3.5, 3, 12.5 ], "texture": "#texture" },
        "north": { "uv": [ 13, 0, 16, 3 ], "texture": "#texture" },
        "south": { "uv": [ 0, 0, 3, 3 ], "texture": "#texture" },
        "west":  { "uv": [ 3.5, 0, 12.5, 3 ], "texture": "#texture" },
        "east":  { "uv": [ 12.5, 0, 3.5, 3 ], "texture": "#texture" }
    }
}
]
}