{
"ambientocclusion": false,
"textures": {
    "particle": "blocks/brewing_stand_base",
    "stand": "blocks/brewing_stand",
    "base": "blocks/brewing_stand_base"
},
"elements": [ 
{
    "from": [ 12.5, 4, 7.5 ],
    "to": [ 13.5, 4.5, 8.5 ],
    "faces": {
        "down":  { "uv": [ 3, 12, 3.5, 11.5 ], "texture": "#stand" },
        "up":    { "uv": [ 3, 2, 3.5, 2.5 ], "texture": "#stand" },
        "north": { "uv": [ 2.5, 11.5, 3.5, 12 ], "texture": "#stand" },
        "south": { "uv": [ 2.5, 11.5, 3.5, 12 ], "texture": "#stand" },
        "west":  { "uv": [ 2.5, 11.5, 3.5, 12 ], "texture": "#stand" },
        "east":  { "uv": [ 2.5, 11.5, 3.5, 12 ], "texture": "#stand" }
    }
},
{
    "from": [ 7, 0, 7 ],
    "to": [ 9, 14, 9 ],
    "faces": {
        "down":  { "uv": [ 7, 7, 9, 9 ], "texture": "#stand" },
        "up":    { "uv": [ 7, 7, 9, 9 ], "texture": "#stand" },
        "north": { "uv": [ 7, 2, 9, 16 ], "texture": "#stand" },
        "south": { "uv": [ 7, 2, 9, 16 ], "texture": "#stand" },
        "west":  { "uv": [ 7, 2, 9, 16 ], "texture": "#stand" },
        "east":  { "uv": [ 7, 2, 9, 16 ], "texture": "#stand" }
    }
},
{
    "from": [ 10, 0, 5 ],
    "to": [ 16, 2, 11 ],
    "faces": {
        "down":  { "uv": [ 9, 5, 15, 11 ], "texture": "#base" },
        "up":    { "uv": [ 9, 5, 15, 11 ], "texture": "#base" },
        "north": { "uv": [ 9, 14, 15, 16 ], "texture": "#base" },
        "south": { "uv": [ 9, 14, 15, 16 ], "texture": "#base" },
        "west":  { "uv": [ 5, 14, 11, 16 ], "texture": "#base" },
        "east":  { "uv": [ 5, 14, 11, 16 ], "texture": "#base" }
    }
},
{
    "from": [ 1, 0, 1 ],
    "to": [ 7, 2, 7 ],
    "faces": {
        "down":  { "uv": [ 2, 1, 8, 7 ], "texture": "#base" },
        "up":    { "uv": [ 2, 1, 8, 7 ], "texture": "#base" },
        "north": { "uv": [ 2, 14, 8, 16 ], "texture": "#base" },
        "south": { "uv": [ 2, 14, 8, 16 ], "texture": "#base" },
        "west":  { "uv": [ 1, 14, 7, 16 ], "texture": "#base" },
        "east":  { "uv": [ 1, 14, 7, 16 ], "texture": "#base" }
    }
},
{
    "from": [ 1, 0, 9.25 ],
    "to": [ 7, 2, 15.25 ],
    "faces": {
        "down":  { "uv": [ 2, 9, 8, 15 ], "texture": "#base" },
        "up":    { "uv": [ 2, 9, 8, 15 ], "texture": "#base" },
        "north": { "uv": [ 2, 14, 8, 16 ], "texture": "#base" },
        "south": { "uv": [ 2, 14, 8, 16 ], "texture": "#base" },
        "west":  { "uv": [ 9, 14, 15, 16 ], "texture": "#base" },
        "east":  { "uv": [ 9, 14, 15, 16 ], "texture": "#base" }
    }
},
{
    "from": [ 6.75, 12.5, 8.75 ],
    "to": [ 7.75, 13, 15.5 ],
    "rotation": { "origin": [ 6.75, 12.5, 8.75 ], "axis": "y", "angle": -45 },
    "faces": {
        "down":  { "uv": [ 1, 3.5, 6.5, 3 ], "rotation": 270, "texture": "#stand" },
        "up":    { "uv": [ 1, 3, 6.5, 3.5 ], "rotation": 270, "texture": "#stand" },
        "north": { "uv": [ 9.5, 3, 10.5, 3.5 ], "texture": "#stand" },
        "south": { "uv": [ 9.5, 3, 10.5, 3.5 ], "texture": "#stand" },
        "west":  { "uv": [ 9.5, 3, 15, 3.5 ], "texture": "#stand" },
        "east":  { "uv": [ 9.5, 3, 15, 3.5 ], "texture": "#stand" }
    }
},
{
    "from": [ 10.5, 12.5, 7.5 ],
    "to": [ 15, 13, 8.5 ],
    "faces": {
        "down":  { "uv": [ 1, 3.5, 5.5, 3 ], "texture": "#stand" },
        "up":    { "uv": [ 1, 3, 5.5, 3.5 ], "texture": "#stand" },
        "north": { "uv": [ 1, 3, 5.5, 3.5 ], "texture": "#stand" },
        "south": { "uv": [ 10.5, 3, 15, 3.5 ], "texture": "#stand" },
        "west":  { "uv": [ 7.5, 3, 8.5, 3.5 ], "texture": "#stand" },
        "east":  { "uv": [ 7.5, 3, 8.5, 3.5 ], "texture": "#stand" }
    }
},
{
    "from": [ 7, 12, 6.5 ],
    "to": [ 9, 13.5, 7 ],
    "faces": {
        "down":  { "uv": [ 5.5, 3.5, 7.5, 3 ], "texture": "#stand" },
        "up":    { "uv": [ 3.5, 3, 5.5, 3.5 ], "texture": "#stand" },
        "north": { "uv": [ 7, 2.5, 9, 4 ], "texture": "#stand" },
        "south": { "uv": [ 7, 2.5, 9, 4 ], "texture": "#stand" },
        "west":  { "uv": [ 6.5, 2.5, 7, 4 ], "texture": "#stand" },
        "east":  { "uv": [ 9, 2.5, 9.5, 4 ], "texture": "#stand" }
    }
},
{
    "from": [ 7, 12, 9 ],
    "to": [ 9, 13.5, 9.5 ],
    "faces": {
        "down":  { "uv": [ 7, 3.5, 9, 3 ], "texture": "#stand" },
        "up":    { "uv": [ 5.5, 2.5, 7.5, 3 ], "texture": "#stand" },
        "north": { "uv": [ 7, 2.5, 9, 4 ], "texture": "#stand" },
        "south": { "uv": [ 7, 2.5, 9, 4 ], "texture": "#stand" },
        "west":  { "uv": [ 9, 2.5, 9.5, 4 ], "texture": "#stand" },
        "east":  { "uv": [ 6.5, 2.5, 7, 4 ], "texture": "#stand" }
    }
},
{
    "from": [ 9, 12, 7 ],
    "to": [ 9.5, 13.5, 9 ],
    "faces": {
        "down":  { "uv": [ 9, 9, 9.5, 7 ], "texture": "#stand" },
        "up":    { "uv": [ 9, 7, 9.5, 9 ], "texture": "#stand" },
        "north": { "uv": [ 6.5, 2.5, 7, 4 ], "texture": "#stand" },
        "south": { "uv": [ 9, 2.5, 9.5, 4 ], "texture": "#stand" },
        "west":  { "uv": [ 7, 2.5, 9, 4 ], "texture": "#stand" },
        "east":  { "uv": [ 7, 2.5, 9, 4 ], "texture": "#stand" }
    }
},
{
    "from": [ 6.5, 12, 7 ],
    "to": [ 7, 13.5, 9 ],
    "faces": {
        "down":  { "uv": [ 6.5, 5.5, 7, 3.5 ], "texture": "#stand" },
        "up":    { "uv": [ 6.5, 9, 7, 11 ], "texture": "#stand" },
        "north": { "uv": [ 9, 2.5, 9.5, 4 ], "texture": "#stand" },
        "south": { "uv": [ 6.5, 2.5, 7, 4 ], "texture": "#stand" },
        "west":  { "uv": [ 7, 2.5, 9, 4 ], "texture": "#stand" },
        "east":  { "uv": [ 7, 2.5, 9, 4 ], "texture": "#stand" }
    }
},
{
    "from": [ 9.5, 12.5, 7.5 ],
    "to": [ 10.5, 13.5, 8.5 ],
    "faces": {
        "down":  { "uv": [ 8, 3.5, 9, 3 ], "texture": "#stand" },
        "up":    { "uv": [ 9.5, 2.5, 10.5, 3 ], "rotation": 90, "texture": "#stand" },
        "north": { "uv": [ 10.5, 2.5, 9.5, 3.5 ], "texture": "#stand" },
        "south": { "uv": [ 9.5, 2.5, 10.5, 3.5 ], "texture": "#stand" },
        "west":  { "uv": [ 7.5, 2.5, 8.5, 3.5 ], "texture": "#stand" },
        "east":  { "uv": [ 7.5, 2.5, 8.5, 3.5 ], "texture": "#stand" }
    }
},
{
    "from": [ 15, 12, 7.5 ],
    "to": [ 15.5, 13.5, 8.5 ],
    "faces": {
        "down":  { "uv": [ 6.5, 6, 7, 5 ], "texture": "#stand" },
        "up":    { "uv": [ 6.5, 5, 7, 6 ], "texture": "#stand" },
        "north": { "uv": [ 0.5, 2.5, 1, 4 ], "texture": "#stand" },
        "south": { "uv": [ 15, 2.5, 15.5, 4 ], "texture": "#stand" },
        "west":  { "uv": [ 7.5, 2.5, 8.5, 4 ], "texture": "#stand" },
        "east":  { "uv": [ 7.5, 2.5, 8.5, 4 ], "texture": "#stand" }
    }
},
{
    "from": [ 9, 0, 6.75 ],
    "to": [ 9.25, 14.25, 7 ],
    "rotation": { "origin": [ 9, 0, 6.75 ], "axis": "y", "angle": -45 },
    "faces": {
        "down":  { "uv": [ 6.5, 5.5, 7, 5 ], "texture": "#stand" },
        "up":    { "uv": [ 6.5, 4.5, 7, 5 ], "texture": "#stand" },
        "north": { "uv": [ 6.5, 3.5, 7, 16 ], "texture": "#stand" },
        "south": { "uv": [ 9, 3.5, 9.5, 16 ], "texture": "#stand" },
        "west":  { "uv": [ 9, 3.25, 9.5, 16 ], "texture": "#stand" },
        "east":  { "uv": [ 9, 3.25, 9.5, 16 ], "texture": "#stand" }
    }
},
{
    "from": [ 9, 0, 9 ],
    "to": [ 9.25, 14.25, 9.25 ],
    "rotation": { "origin": [ 9, 0, 9 ], "axis": "y", "angle": -45 },
    "faces": {
        "down":  { "uv": [ 6.5, 5.5, 7, 5 ], "rotation": 270, "texture": "#stand" },
        "up":    { "uv": [ 6.5, 4.5, 7, 5 ], "rotation": 90, "texture": "#stand" },
        "north": { "uv": [ 9, 3.25, 9.5, 16 ], "texture": "#stand" },
        "south": { "uv": [ 9, 3.25, 9.5, 16 ], "texture": "#stand" },
        "west":  { "uv": [ 9, 3.5, 9.5, 16 ], "texture": "#stand" },
        "east":  { "uv": [ 6.5, 3.5, 7, 16 ], "texture": "#stand" }
    }
},
{
    "from": [ 7, 0, 9 ],
    "to": [ 7.25, 14.25, 9.25 ],
    "rotation": { "origin": [ 7, 0, 9 ], "axis": "y", "angle": -45 },
    "faces": {
        "down":  { "uv": [ 6.5, 5.5, 7, 5 ], "rotation": 180, "texture": "#stand" },
        "up":    { "uv": [ 6.5, 4.5, 7, 5 ], "rotation": 180, "texture": "#stand" },
        "north": { "uv": [ 9, 3.5, 9.5, 16 ], "texture": "#stand" },
        "south": { "uv": [ 6.5, 3.5, 7, 16 ], "texture": "#stand" },
        "west":  { "uv": [ 9, 3.25, 9.5, 16 ], "texture": "#stand" },
        "east":  { "uv": [ 9, 3.25, 9.5, 16 ], "texture": "#stand" }
    }
},
{
    "from": [ 7, 0, 6.75 ],
    "to": [ 7.25, 14.25, 7 ],
    "rotation": { "origin": [ 7, 0, 6.75 ], "axis": "y", "angle": -45 },
    "faces": {
        "down":  { "uv": [ 6.5, 5.5, 7, 5 ], "rotation": 90, "texture": "#stand" },
        "up":    { "uv": [ 6.5, 4.5, 7, 5 ], "rotation": 270, "texture": "#stand" },
        "north": { "uv": [ 9, 3.25, 9.5, 16 ], "texture": "#stand" },
        "south": { "uv": [ 9, 3.25, 9.5, 16 ], "texture": "#stand" },
        "west":  { "uv": [ 6.5, 3.5, 7, 16 ], "texture": "#stand" },
        "east":  { "uv": [ 9, 3.5, 9.5, 16 ], "texture": "#stand" }
    }
},
{
    "from": [ 2, 12, 13.5 ],
    "to": [ 3, 13.5, 14 ],
    "rotation": { "origin": [ 2, 12, 13.5 ], "axis": "y", "angle": -45 },
    "faces": {
        "down":  { "uv": [ 4.5, 3, 5.5, 3.5 ], "texture": "#stand" },
        "up":    { "uv": [ 4.5, 3.5, 5.5, 3 ], "texture": "#stand" },
        "north": { "uv": [ 8, 2.5, 9, 4 ], "texture": "#stand" },
        "south": { "uv": [ 7, 2.5, 8, 4 ], "texture": "#stand" },
        "west":  { "uv": [ 0.5, 2.5, 1, 4 ], "texture": "#stand" },
        "east":  { "uv": [ 0.5, 2.5, 1, 4 ], "texture": "#stand" }
    }
},
{
    "from": [ 2.75, 12.5, 2 ],
    "to": [ 9.5, 13, 3 ],
    "rotation": { "origin": [ 2.75, 12.5, 2 ], "axis": "y", "angle": -45 },
    "faces": {
        "down":  { "uv": [ 1, 3.5, 6.5, 3 ], "rotation": 180, "texture": "#stand" },
        "up":    { "uv": [ 1, 3, 6.5, 3.5 ], "texture": "#stand" },
        "north": { "uv": [ 9.5, 3, 15, 3.5 ], "texture": "#stand" },
        "south": { "uv": [ 9.5, 3, 15, 3.5 ], "texture": "#stand" },
        "west":  { "uv": [ 9.5, 3, 10.5, 3.5 ], "texture": "#stand" },
        "east":  { "uv": [ 9.5, 3, 10.5, 3.5 ], "texture": "#stand" }
    }
},
{
    "from": [ 6.5, 13, 5.75 ],
    "to": [ 7.75, 13.5, 6.75 ],
    "rotation": { "origin": [ 6.5, 13, 5.75 ], "axis": "y", "angle": -45 },
    "faces": {
        "down":  { "uv": [ 3, 3, 4, 3.5 ], "rotation": 270, "texture": "#stand" },
        "up":    { "uv": [ 3, 3.5, 4, 3 ], "rotation": 90, "texture": "#stand" },
        "north": { "uv": [ 6.5, 2.5, 7.5, 3 ], "texture": "#stand" },
        "south": { "uv": [ 6.5, 2.5, 7.5, 3 ], "texture": "#stand" },
        "west":  { "uv": [ 6.5, 2.5, 7.5, 3 ], "texture": "#stand" },
        "east":  { "uv": [ 6.5, 2.5, 7.5, 3 ], "texture": "#stand" }
    }
},
{
    "from": [ 6.75, 13, 8.75 ],
    "to": [ 7.75, 13.5, 10 ],
    "rotation": { "origin": [ 6.75, 13, 8.75 ], "axis": "y", "angle": -45 },
    "faces": {
        "down":  { "uv": [ 3, 3, 4, 3.5 ], "texture": "#stand" },
        "up":    { "uv": [ 3, 3.5, 4, 3 ], "texture": "#stand" },
        "north": { "uv": [ 6.5, 2.5, 7.5, 3 ], "texture": "#stand" },
        "south": { "uv": [ 6.5, 2.5, 7.5, 3 ], "texture": "#stand" },
        "west":  { "uv": [ 6.5, 2.5, 7.5, 3 ], "texture": "#stand" },
        "east":  { "uv": [ 6.5, 2.5, 7.5, 3 ], "texture": "#stand" }
    }
},
{
    "from": [ 2.5, 12, 1.75 ],
    "to": [ 3, 13.5, 2.75 ],
    "rotation": { "origin": [ 2.5, 12, 1.75 ], "axis": "y", "angle": -45 },
    "faces": {
        "down":  { "uv": [ 4.5, 3, 5.5, 3.5 ], "rotation": 270, "texture": "#stand" },
        "up":    { "uv": [ 4.5, 3.5, 5.5, 3 ], "rotation": 90, "texture": "#stand" },
        "north": { "uv": [ 0.5, 2.5, 1, 4 ], "texture": "#stand" },
        "south": { "uv": [ 0.5, 2.5, 1, 4 ], "texture": "#stand" },
        "west":  { "uv": [ 7, 2.5, 8, 4 ], "texture": "#stand" },
        "east":  { "uv": [ 8, 2.5, 9, 4 ], "texture": "#stand" }
    }
},
{
    "from": [ 6.5, 0, 6.5 ],
    "to": [ 9.75, 1, 9.5 ],
    "faces": {
        "down":  { "uv": [ 5.5, 3, 6, 2.5 ], "texture": "#stand" },
        "up":    { "uv": [ 4, 3, 4.5, 3.5 ], "texture": "#stand" },
        "north": { "uv": [ 6.5, 15, 9.5, 16 ], "texture": "#stand" },
        "south": { "uv": [ 6.5, 15, 9.5, 16 ], "texture": "#stand" },
        "west":  { "uv": [ 6.5, 15, 9.5, 16 ], "texture": "#stand" },
        "east":  { "uv": [ 6.5, 15, 9.5, 16 ], "texture": "#stand" }
    }
},
{
    "from": [ 12, 4.5, 7.5 ],
    "to": [ 14, 14, 8.5 ],
    "faces": {
        "down":  { "uv": [ 3, 12, 3.5, 11.5 ], "rotation": 180, "texture": "#stand" },
        "up":    { "uv": [ 3, 2, 3.5, 2.5 ], "rotation": 180, "texture": "#stand" },
        "north": { "uv": [ 2, 2, 4, 11.5 ], "texture": "#stand" },
        "south": { "uv": [ 2, 2, 4, 11.5 ], "texture": "#stand" },
        "west":  { "uv": [ 2.5, 2, 3.5, 11.5 ], "texture": "#stand" },
        "east":  { "uv": [ 2.5, 2, 3.5, 11.5 ], "texture": "#stand" }
    }
},
{
    "from": [ 12.5, 4.5, 7 ],
    "to": [ 13.5, 14, 9 ],
    "faces": {
        "down":  { "uv": [ 3, 12, 3.5, 11.5 ], "rotation": 180, "texture": "#stand" },
        "up":    { "uv": [ 3, 2, 3.5, 2.5 ], "rotation": 180, "texture": "#stand" },
        "north": { "uv": [ 2.5, 2, 3.5, 11.5 ], "texture": "#stand" },
        "south": { "uv": [ 2.5, 2, 3.5, 11.5 ], "texture": "#stand" },
        "west":  { "uv": [ 2, 2, 4, 11.5 ], "texture": "#stand" },
        "east":  { "uv": [ 2, 2, 4, 11.5 ], "texture": "#stand" }
    }
}
]
}