{
"textures": {
    "particle": "#texture"
},
"elements": [ 
{
    "__comment": "Center post",
    "from": [ 6.5, 0, 6.5 ],
    "to": [ 9.5, 16, 9.5 ],
    "faces": {
        "down":  { "uv": [ 10.5, 6.5, 13.5, 3.5 ], "texture": "#texture", "cullface": "down" },
        "up":    { "uv": [ 10.5, 3.5, 13.5, 6.5 ], "texture": "#texture" },
        "north": { "uv": [ 2.5, 6.5, 13.5, 10 ], "rotation": 90, "texture": "#texture" },
        "south": { "uv": [ 2.5, 6.5, 13.5, 10 ], "rotation": 90, "texture": "#texture" },
        "west":  { "uv": [ 2.5, 6.5, 13.5, 10 ], "rotation": 90, "texture": "#texture" },
        "east":  { "uv": [ 2.5, 6.5, 13.5, 10 ], "rotation": 90, "texture": "#texture" }
    }
}
]
}