{
"textures": {
    "particle": "#texture"
},
"elements": [ 
{
    "__comment": "Center post",
    "from": [ 6.5, 0, 6.5 ],
    "to": [ 9.5, 16, 9.5 ],
    "faces": {
        "down":  { "uv": [ 10.5, 6.5, 13.5, 3.5 ], "texture": "#texture", "cullface": "down" },
        "up":    { "uv": [ 10.5, 3.5, 13.5, 6.5 ], "texture": "#texture" },
        "north": { "uv": [ 2.5, 6.5, 13.5, 10 ], "rotation": 90, "texture": "#texture" },
        "south": { "uv": [ 2.5, 6.5, 13.5, 10 ], "rotation": 90, "texture": "#texture" },
        "west":  { "uv": [ 2.5, 6.5, 13.5, 10 ], "rotation": 90, "texture": "#texture" },
        "east":  { "uv": [ 2.5, 6.5, 13.5, 10 ], "rotation": 90, "texture": "#texture" }
    }
},
{
    "__comment": "North-south top bar",
    "from": [ 7.5, 12, 0 ],
    "to": [ 8.5, 15, 6.5 ],
    "faces": {
        "down":  { "uv": [ 0, 6.5, 1, 0 ], "texture": "#texture", "cullface": "down" },
        "up":    { "uv": [ 0, 0, 1, 6.5 ], "texture": "#texture" },
        "north": { "uv": [ 12.5, 7, 13.5, 10 ], "texture": "#texture", "cullface": "north" },
        "south": { "uv": [ 12.5, 7, 13.5, 10 ], "texture": "#texture", "cullface": "south" },
        "west":  { "uv": [ 8.5, 3.5, 15, 7 ], "texture": "#texture" },
        "east":  { "uv": [ 1, 3.5, 7.5, 7 ], "texture": "#texture" }
    }
},
{
    "__comment": "North-south lower bar",
    "from": [ 7.5, 6, 0 ],
    "to": [ 8.5, 9, 6.5 ],
    "faces": {
        "down":  { "uv": [ 0, 6.5, 1, 0 ], "texture": "#texture", "cullface": "down" },
        "up":    { "uv": [ 0, 0, 1, 6.5 ], "texture": "#texture" },
        "north": { "uv": [ 12.5, 7, 13.5, 10 ], "texture": "#texture", "cullface": "north" },
        "south": { "uv": [ 12.5, 7, 13.5, 10 ], "texture": "#texture", "cullface": "south" },
        "west":  { "uv": [ 8.5, 3.5, 15, 7 ], "texture": "#texture" },
        "east":  { "uv": [ 1, 3.5, 7.5, 7 ], "texture": "#texture" }
    }
},
{
    "__comment": "North-south lower bar*",
    "from": [ 7.5, 6, 9.5 ],
    "to": [ 8.5, 9, 16 ],
    "faces": {
        "down":  { "uv": [ 0, 0, 1, 6.5 ], "texture": "#texture", "cullface": "down" },
        "up":    { "uv": [ 0, 6.5, 1, 0 ], "texture": "#texture" },
        "north": { "uv": [ 12.5, 7, 13.5, 10 ], "texture": "#texture", "cullface": "north" },
        "south": { "uv": [ 12.5, 7, 13.5, 10 ], "texture": "#texture", "cullface": "south" },
        "west":  { "uv": [ 1, 3.5, 7.5, 7 ], "texture": "#texture" },
        "east":  { "uv": [ 8.5, 3.5, 15, 7 ], "texture": "#texture" }
    }
},
{
    "__comment": "North-south top bar*",
    "from": [ 7.5, 12, 9.5 ],
    "to": [ 8.5, 15, 16 ],
    "faces": {
        "down":  { "uv": [ 0, 0, 1, 6.5 ], "texture": "#texture", "cullface": "down" },
        "up":    { "uv": [ 0, 6.5, 1, 0 ], "texture": "#texture" },
        "north": { "uv": [ 12.5, 7, 13.5, 10 ], "texture": "#texture", "cullface": "north" },
        "south": { "uv": [ 12.5, 7, 13.5, 10 ], "texture": "#texture", "cullface": "south" },
        "west":  { "uv": [ 1, 3.5, 7.5, 7 ], "texture": "#texture" },
        "east":  { "uv": [ 8.5, 3.5, 15, 7 ], "texture": "#texture" }
    }
}
]
}