{
"__comment": "Designed by Filmjolk",
"textures": {
    "particle": "blocks/redstone_torch_on",
    "texture": "blocks/redstone_torch_on"
},
"elements": [ 
{
    "from": [ 6, 8, 7 ],
    "to": [ 10, 10, 9 ],
    "faces": {
        "down":  { "uv": [ 6, 8, 10, 6 ], "texture": "#texture" },
        "up":    { "uv": [ 6, 6, 10, 8 ], "texture": "#texture" },
        "north": { "uv": [ 6, 6, 10, 8 ], "texture": "#texture" },
        "south": { "uv": [ 6, 6, 10, 8 ], "texture": "#texture" },
        "west":  { "uv": [ 7, 6, 9, 8 ], "texture": "#texture" },
        "east":  { "uv": [ 7, 6, 9, 8 ], "texture": "#texture" }
    }
},
{
    "from": [ 7, 8, 6 ],
    "to": [ 9, 10, 10 ],
    "faces": {
        "down":  { "uv": [ 7, 9, 9, 5 ], "texture": "#texture" },
        "up":    { "uv": [ 7, 5, 9, 9 ], "texture": "#texture" },
        "north": { "uv": [ 7, 6, 9, 8 ], "texture": "#texture" },
        "south": { "uv": [ 7, 6, 9, 8 ], "texture": "#texture" },
        "west":  { "uv": [ 6, 6, 10, 8 ], "texture": "#texture" },
        "east":  { "uv": [ 6, 6, 10, 8 ], "texture": "#texture" }
    }
},
{
    "from": [ 6.5, 7.5, 6.5 ],
    "to": [ 9.5, 10.5, 9.5 ],
    "faces": {
        "down":  { "uv": [ 6.5, 8.5, 9.5, 5.5 ], "texture": "#texture" },
        "up":    { "uv": [ 6.5, 5.5, 9.5, 8.5 ], "texture": "#texture" },
        "north": { "uv": [ 6.5, 5.5, 9.5, 8.5 ], "texture": "#texture" },
        "south": { "uv": [ 6.5, 5.5, 9.5, 8.5 ], "texture": "#texture" },
        "west":  { "uv": [ 6.5, 5.5, 9.5, 8.5 ], "texture": "#texture" },
        "east":  { "uv": [ 6.5, 5.5, 9.5, 8.5 ], "texture": "#texture" }
    }
},
{
    "from": [ 7, 7, 7 ],
    "to": [ 9, 11, 9 ],
    "faces": {
        "down":  { "uv": [ 7, 8, 9, 6 ], "texture": "#texture" },
        "up":    { "uv": [ 7, 6, 9, 8 ], "texture": "#texture" },
        "north": { "uv": [ 7, 5, 9, 9 ], "texture": "#texture" },
        "south": { "uv": [ 7, 5, 9, 9 ], "texture": "#texture" },
        "west":  { "uv": [ 7, 5, 9, 9 ], "texture": "#texture" },
        "east":  { "uv": [ 7, 5, 9, 9 ], "texture": "#texture" }
    }
},
{
    "from": [ 7.5, 0, 7 ],
    "to": [ 8.5, 7, 9 ],
    "faces": {
        "down":  { "uv": [ 7.5, 9, 8.5, 7 ], "texture": "#texture" },
        "up":    { "uv": [ 7.5, 7, 8.5, 9 ], "texture": "#texture" },
        "north": { "uv": [ 7.5, 9, 8.5, 16 ], "texture": "#texture" },
        "south": { "uv": [ 7.5, 9, 8.5, 16 ], "texture": "#texture" },
        "west":  { "uv": [ 7, 9, 9, 16 ], "texture": "#texture" },
        "east":  { "uv": [ 7, 9, 9, 16 ], "texture": "#texture" }
    }
},
{
    "from": [ 7, 0, 7.5 ],
    "to": [ 9, 7, 8.5 ],
    "faces": {
        "down":  { "uv": [ 7, 8.5, 9, 7.5 ], "texture": "#texture" },
        "up":    { "uv": [ 7, 7.5, 9, 8.5 ], "texture": "#texture" },
        "north": { "uv": [ 7, 9, 9, 16 ], "texture": "#texture" },
        "south": { "uv": [ 7, 9, 9, 16 ], "texture": "#texture" },
        "west":  { "uv": [ 7.5, 9, 8.5, 16 ], "texture": "#texture" },
        "east":  { "uv": [ 7.5, 9, 8.5, 16 ], "texture": "#texture" }
    }
}
]
}