{
"ambientocclusion": false,
"textures": {
    "particle": "#pane"
},
"elements": [ 
{
    "from": [ 8.5, 0, 7.5 ],
    "to": [ 16, 16, 8.5 ],
    "faces": {
        "down":  { "uv": [ 7.5, 9, 8.5, 16 ], "rotation": 90, "texture": "#edge" },
        "up":    { "uv": [ 7.5, 9, 8.5, 16 ], "rotation": 90, "texture": "#edge" },
        "north": { "uv": [ 9, 0, 16, 16 ], "texture": "#pane" },
        "south": { "uv": [ 9, 0, 16, 16 ], "texture": "#pane" },
        "west":  { "uv": [ 7.5, 0, 8.5, 16 ], "texture": "#pane" },
        "east":  { "uv": [ 7.5, 0, 8.5, 16 ], "texture": "#edge", "cullface": "east" }
    }
},
{
    "from": [ 7.5, 0, 0 ],
    "to": [ 8.5, 16, 8.5 ],
    "faces": {
        "down":  { "uv": [ 7.5, 0, 8.5, 9 ], "texture": "#edge" },
        "up":    { "uv": [ 7.5, 0, 8.5, 9 ], "texture": "#edge" },
        "north": { "uv": [ 7.5, 0, 8.5, 16 ], "texture": "#edge", "cullface": "north" },
        "south": { "uv": [ 7.5, 0, 8.5, 16 ], "texture": "#edge" },
        "west":  { "uv": [ 7, 0, 16, 16 ], "texture": "#pane" },
        "east":  { "uv": [ 16, 0, 7, 16 ], "texture": "#pane" }
    }
}
]
}