{
"textures": {
    "particle": "#texture"
},
"elements": [ 
{
    "from": [ 0.5, 0.5, 0.5 ],
    "to": [ 15.5, 15.5, 15.5 ],
    "faces": {
        "down":  { "uv": [ 0.5, 15.5, 15.5, 0.5 ], "texture": "#texture", "cullface": "down" },
        "up":    { "uv": [ 0.5, 0.5, 15.5, 15.5 ], "texture": "#texture", "cullface": "up" },
        "north": { "uv": [ 0.5, 0.5, 15.5, 15.5 ], "texture": "#texture", "cullface": "north" },
        "south": { "uv": [ 0.5, 0.5, 15.5, 15.5 ], "texture": "#texture", "cullface": "south" },
        "west":  { "uv": [ 0.5, 0.5, 15.5, 15.5 ], "texture": "#texture", "cullface": "west" },
        "east":  { "uv": [ 0.5, 0.5, 15.5, 15.5 ], "texture": "#texture", "cullface": "east" }
    }
},
{
    "from": [ 0, 0, 0 ],
    "to": [ 1, 16, 1 ],
    "faces": {
        "down":  { "uv": [ 0, 1, 1, 0 ], "texture": "#texture", "cullface": "down" },
        "up":    { "uv": [ 0, 0, 1, 1 ], "texture": "#texture", "cullface": "up" },
        "north": { "uv": [ 15, 0, 16, 16 ], "texture": "#texture", "cullface": "north" },
        "south": { "uv": [ 0, 0, 1, 16 ], "texture": "#texture", "cullface": "west" },
        "west":  { "uv": [ 0, 0, 1, 16 ], "texture": "#texture", "cullface": "west" },
        "east":  { "uv": [ 15, 0, 16, 16 ], "texture": "#texture", "cullface": "north" }
    }
},
{
    "from": [ 15, 0, 0 ],
    "to": [ 16, 16, 1 ],
    "faces": {
        "down":  { "uv": [ 15, 1, 16, 0 ], "texture": "#texture", "cullface": "down" },
        "up":    { "uv": [ 15, 0, 16, 1 ], "texture": "#texture", "cullface": "up" },
        "north": { "uv": [ 0, 0, 1, 16 ], "texture": "#texture", "cullface": "north" },
        "south": { "uv": [ 15, 0, 16, 16 ], "texture": "#texture", "cullface": "east" },
        "west":  { "uv": [ 0, 0, 1, 16 ], "texture": "#texture", "cullface": "north" },
        "east":  { "uv": [ 15, 0, 16, 16 ], "texture": "#texture", "cullface": "east" }
    }
},
{
    "from": [ 15, 0, 15 ],
    "to": [ 16, 16, 16 ],
    "faces": {
        "up":    { "uv": [ 15, 15, 16, 16 ], "texture": "#texture", "cullface": "up" },
        "north": { "uv": [ 0, 0, 1, 16 ], "texture": "#texture" },
        "south": { "uv": [ 15, 0, 16, 16 ], "texture": "#texture" },
        "west":  { "uv": [ 15, 0, 16, 16 ], "texture": "#texture" },
        "east":  { "uv": [ 0, 0, 1, 16 ], "texture": "#texture" }
    }
},
{
    "from": [ 0, 0, 15 ],
    "to": [ 1, 16, 16 ],
    "faces": {
        "down":  { "uv": [ 0, 16, 1, 15 ], "texture": "#texture", "cullface": "down" },
        "up":    { "uv": [ 0, 15, 1, 16 ], "texture": "#texture", "cullface": "up" },
        "north": { "uv": [ 15, 0, 16, 16 ], "texture": "#texture", "cullface": "west" },
        "south": { "uv": [ 0, 0, 1, 16 ], "texture": "#texture", "cullface": "south" },
        "west":  { "uv": [ 15, 0, 16, 16 ], "texture": "#texture", "cullface": "west" },
        "east":  { "uv": [ 0, 0, 1, 16 ], "texture": "#texture", "cullface": "south" }
    }
},
{
    "from": [ 0, 13, 1.5 ],
    "to": [ 0.5, 16, 14.5 ],
    "faces": {
        "down":  { "uv": [ 0, 14.5, 0.5, 1.5 ], "texture": "#texture", "cullface": "west" },
        "up":    { "uv": [ 0, 1.5, 0.5, 14.5 ], "texture": "#texture", "cullface": "west" },
        "north": { "uv": [ 15.5, 0, 16, 3 ], "texture": "#texture", "cullface": "west" },
        "south": { "uv": [ 0, 0, 0.5, 3 ], "texture": "#texture", "cullface": "west" },
        "west":  { "uv": [ 1.5, 0, 14.5, 3 ], "texture": "#texture", "cullface": "west" },
        "east":  { "uv": [ 1.5, 0, 14.5, 3 ], "texture": "#texture", "cullface": "west" }
    }
},
{
    "from": [ 0, 9.5, 1.5 ],
    "to": [ 0.5, 12.5, 14.5 ],
    "faces": {
        "down":  { "uv": [ 0, 14.5, 0.5, 1.5 ], "texture": "#texture", "cullface": "west" },
        "up":    { "uv": [ 0, 1.5, 0.5, 14.5 ], "texture": "#texture", "cullface": "west" },
        "north": { "uv": [ 15.5, 3.5, 16, 6.5 ], "texture": "#texture", "cullface": "west" },
        "south": { "uv": [ 0, 3.5, 0.5, 6.5 ], "texture": "#texture", "cullface": "west" },
        "west":  { "uv": [ 1.5, 3.5, 14.5, 6.5 ], "texture": "#texture", "cullface": "west" }
    }
},
{
    "from": [ 0, 6.5, 1.5 ],
    "to": [ 0.5, 9, 14.5 ],
    "faces": {
        "down":  { "uv": [ 0, 14.5, 0.5, 1.5 ], "texture": "#texture", "cullface": "west" },
        "up":    { "uv": [ 0, 1.5, 0.5, 14.5 ], "texture": "#texture", "cullface": "west" },
        "north": { "uv": [ 15.5, 7, 16, 9.5 ], "texture": "#texture", "cullface": "west" },
        "south": { "uv": [ 0, 7, 0.5, 9.5 ], "texture": "#texture", "cullface": "west" },
        "west":  { "uv": [ 1.5, 7, 14.5, 9.5 ], "texture": "#texture", "cullface": "west" }
    }
},
{
    "from": [ 0, 3.5, 1.5 ],
    "to": [ 0.5, 6, 14.5 ],
    "faces": {
        "down":  { "uv": [ 0, 14.5, 0.5, 1.5 ], "texture": "#texture", "cullface": "west" },
        "up":    { "uv": [ 0, 1.5, 0.5, 14.5 ], "texture": "#texture", "cullface": "west" },
        "north": { "uv": [ 15.5, 10, 16, 12.5 ], "texture": "#texture", "cullface": "west" },
        "south": { "uv": [ 0, 10, 0.5, 12.5 ], "texture": "#texture", "cullface": "west" },
        "west":  { "uv": [ 1.5, 10, 14.5, 12.5 ], "texture": "#texture", "cullface": "west" }
    }
},
{
    "from": [ 0, 0.5, 1.5 ],
    "to": [ 0.5, 3, 14.5 ],
    "faces": {
        "up":    { "uv": [ 0, 1.5, 0.5, 14.5 ], "texture": "#texture", "cullface": "west" },
        "north": { "uv": [ 15.5, 13, 16, 15.5 ], "texture": "#texture", "cullface": "west" },
        "south": { "uv": [ 0, 13, 0.5, 15.5 ], "texture": "#texture", "cullface": "west" },
        "west":  { "uv": [ 1.5, 13, 14.5, 15.5 ], "texture": "#texture", "cullface": "west" }
    }
},
{
    "from": [ 1.5, 13, 0 ],
    "to": [ 14.5, 16, 0.5 ],
    "faces": {
        "down":  { "uv": [ 1.5, 0.5, 14.5, 0 ], "texture": "#texture", "cullface": "north" },
        "up":    { "uv": [ 1.5, 0, 14.5, 0.5 ], "texture": "#texture", "cullface": "north" },
        "north": { "uv": [ 1.5, 0, 14.5, 3 ], "texture": "#texture", "cullface": "north" },
        "south": { "uv": [ 1.5, 0, 14.5, 3 ], "texture": "#texture", "cullface": "north" },
        "west":  { "uv": [ 0, 0, 0.5, 3 ], "texture": "#texture", "cullface": "north" },
        "east":  { "uv": [ 15.5, 0, 16, 3 ], "texture": "#texture", "cullface": "north" }
    }
},
{
    "from": [ 1.5, 9.5, 0 ],
    "to": [ 14.5, 12.5, 0.5 ],
    "faces": {
        "down":  { "uv": [ 1.5, 0.5, 14.5, 0 ], "texture": "#texture", "cullface": "north" },
        "up":    { "uv": [ 1.5, 0, 14.5, 0.5 ], "texture": "#texture", "cullface": "north" },
        "north": { "uv": [ 1.5, 3.5, 14.5, 6.5 ], "texture": "#texture", "cullface": "north" },
        "west":  { "uv": [ 0, 3.5, 0.5, 6.5 ], "texture": "#texture", "cullface": "north" },
        "east":  { "uv": [ 15.5, 3.5, 16, 6.5 ], "texture": "#texture", "cullface": "north" }
    }
},
{
    "from": [ 1.5, 6.5, 0 ],
    "to": [ 14.5, 9, 0.5 ],
    "faces": {
        "down":  { "uv": [ 1.5, 0.5, 14.5, 0 ], "texture": "#texture", "cullface": "north" },
        "up":    { "uv": [ 1.5, 0, 14.5, 0.5 ], "texture": "#texture", "cullface": "north" },
        "north": { "uv": [ 1.5, 7, 14.5, 9.5 ], "texture": "#texture", "cullface": "north" },
        "west":  { "uv": [ 0, 7, 0.5, 9.5 ], "texture": "#texture", "cullface": "north" },
        "east":  { "uv": [ 15.5, 7, 16, 9.5 ], "texture": "#texture", "cullface": "north" }
    }
},
{
    "from": [ 1.5, 3.5, 0 ],
    "to": [ 14.5, 6, 0.5 ],
    "faces": {
        "down":  { "uv": [ 1.5, 0.5, 14.5, 0 ], "texture": "#texture", "cullface": "north" },
        "up":    { "uv": [ 1.5, 0, 14.5, 0.5 ], "texture": "#texture", "cullface": "north" },
        "north": { "uv": [ 1.5, 10, 14.5, 12.5 ], "texture": "#texture", "cullface": "north" },
        "west":  { "uv": [ 0, 10, 0.5, 12.5 ], "texture": "#texture", "cullface": "north" },
        "east":  { "uv": [ 15.5, 10, 16, 12.5 ], "texture": "#texture", "cullface": "north" }
    }
},
{
    "from": [ 1.5, 0.5, 0 ],
    "to": [ 14.5, 3, 0.5 ],
    "faces": {
        "up":    { "uv": [ 1.5, 0, 14.5, 0.5 ], "texture": "#texture", "cullface": "north" },
        "north": { "uv": [ 1.5, 13, 14.5, 15.5 ], "texture": "#texture", "cullface": "north" },
        "west":  { "uv": [ 0, 13, 0.5, 15.5 ], "texture": "#texture", "cullface": "north" },
        "east":  { "uv": [ 15.5, 13, 16, 15.5 ], "texture": "#texture", "cullface": "north" }
    }
},
{
    "from": [ 15.5, 13, 1.5 ],
    "to": [ 16, 16, 14.5 ],
    "faces": {
        "down":  { "uv": [ 15.5, 14.5, 16, 1.5 ], "texture": "#texture", "cullface": "east" },
        "up":    { "uv": [ 15.5, 1.5, 16, 14.5 ], "texture": "#texture", "cullface": "east" },
        "north": { "uv": [ 0, 0, 0.5, 3 ], "texture": "#texture", "cullface": "east" },
        "south": { "uv": [ 15.5, 0, 16, 3 ], "texture": "#texture", "cullface": "east" },
        "west":  { "uv": [ 1.5, 0, 14.5, 3 ], "texture": "#texture", "cullface": "east" },
        "east":  { "uv": [ 1.5, 0, 14.5, 3 ], "texture": "#texture", "cullface": "east" }
    }
},
{
    "from": [ 15.5, 9.5, 1.5 ],
    "to": [ 16, 12.5, 14.5 ],
    "faces": {
        "down":  { "uv": [ 15.5, 14.5, 16, 1.5 ], "texture": "#texture", "cullface": "east" },
        "up":    { "uv": [ 15.5, 1.5, 16, 14.5 ], "texture": "#texture", "cullface": "east" },
        "north": { "uv": [ 0, 3.5, 0.5, 6.5 ], "texture": "#texture", "cullface": "east" },
        "south": { "uv": [ 15.5, 3.5, 16, 6.5 ], "texture": "#texture", "cullface": "east" },
        "east":  { "uv": [ 1.5, 3.5, 14.5, 6.5 ], "texture": "#texture", "cullface": "east" }
    }
},
{
    "from": [ 15.5, 6.5, 1.5 ],
    "to": [ 16, 9, 14.5 ],
    "faces": {
        "down":  { "uv": [ 15.5, 14.5, 16, 1.5 ], "texture": "#texture", "cullface": "east" },
        "up":    { "uv": [ 15.5, 1.5, 16, 14.5 ], "texture": "#texture", "cullface": "east" },
        "north": { "uv": [ 0, 7, 0.5, 9.5 ], "texture": "#texture", "cullface": "east" },
        "south": { "uv": [ 15.5, 7, 16, 9.5 ], "texture": "#texture", "cullface": "east" },
        "east":  { "uv": [ 1.5, 7, 14.5, 9.5 ], "texture": "#texture", "cullface": "east" }
    }
},
{
    "from": [ 15.5, 3.5, 1.5 ],
    "to": [ 16, 6, 14.5 ],
    "faces": {
        "down":  { "uv": [ 15.5, 14.5, 16, 1.5 ], "texture": "#texture", "cullface": "east" },
        "up":    { "uv": [ 15.5, 1.5, 16, 14.5 ], "texture": "#texture", "cullface": "east" },
        "north": { "uv": [ 0, 10, 0.5, 12.5 ], "texture": "#texture", "cullface": "east" },
        "south": { "uv": [ 15.5, 10, 16, 12.5 ], "texture": "#texture", "cullface": "east" },
        "east":  { "uv": [ 1.5, 10, 14.5, 12.5 ], "texture": "#texture", "cullface": "east" }
    }
},
{
    "from": [ 15.5, 0.5, 1.5 ],
    "to": [ 16, 3, 14.5 ],
    "faces": {
        "up":    { "uv": [ 15.5, 1.5, 16, 14.5 ], "texture": "#texture", "cullface": "east" },
        "north": { "uv": [ 0, 13, 0.5, 15.5 ], "texture": "#texture", "cullface": "east" },
        "south": { "uv": [ 15.5, 13, 16, 15.5 ], "texture": "#texture", "cullface": "east" },
        "east":  { "uv": [ 1.5, 13, 14.5, 15.5 ], "texture": "#texture", "cullface": "east" }
    }
},
{
    "from": [ 1.5, 13, 15.5 ],
    "to": [ 14.5, 16, 16 ],
    "faces": {
        "down":  { "uv": [ 1.5, 16, 14.5, 15.5 ], "texture": "#texture", "cullface": "south" },
        "up":    { "uv": [ 1.5, 15.5, 14.5, 16 ], "texture": "#texture", "cullface": "south" },
        "north": { "uv": [ 1.5, 0, 14.5, 3 ], "texture": "#texture", "cullface": "south" },
        "south": { "uv": [ 1.5, 0, 14.5, 3 ], "texture": "#texture", "cullface": "south" },
        "west":  { "uv": [ 15.5, 0, 16, 3 ], "texture": "#texture", "cullface": "south" },
        "east":  { "uv": [ 0, 0, 0.5, 3 ], "texture": "#texture", "cullface": "south" }
    }
},
{
    "from": [ 1.5, 9.5, 15.5 ],
    "to": [ 14.5, 12.5, 16 ],
    "faces": {
        "down":  { "uv": [ 1.5, 16, 14.5, 15.5 ], "texture": "#texture", "cullface": "south" },
        "up":    { "uv": [ 1.5, 15.5, 14.5, 16 ], "texture": "#texture", "cullface": "south" },
        "south": { "uv": [ 1.5, 3.5, 14.5, 6.5 ], "texture": "#texture", "cullface": "south" },
        "west":  { "uv": [ 15.5, 3.5, 16, 6.5 ], "texture": "#texture", "cullface": "south" },
        "east":  { "uv": [ 0, 3.5, 0.5, 6.5 ], "texture": "#texture", "cullface": "south" }
    }
},
{
    "from": [ 1.5, 6.5, 15.5 ],
    "to": [ 14.5, 9, 16 ],
    "faces": {
        "down":  { "uv": [ 1.5, 16, 14.5, 15.5 ], "texture": "#texture", "cullface": "south" },
        "up":    { "uv": [ 1.5, 15.5, 14.5, 16 ], "texture": "#texture", "cullface": "south" },
        "south": { "uv": [ 1.5, 7, 14.5, 9.5 ], "texture": "#texture", "cullface": "south" },
        "west":  { "uv": [ 15.5, 7, 16, 9.5 ], "texture": "#texture", "cullface": "south" },
        "east":  { "uv": [ 0, 7, 0.5, 9.5 ], "texture": "#texture", "cullface": "south" }
    }
},
{
    "from": [ 1.5, 3.5, 15.5 ],
    "to": [ 14.5, 6, 16 ],
    "faces": {
        "down":  { "uv": [ 1.5, 16, 14.5, 15.5 ], "texture": "#texture", "cullface": "south" },
        "up":    { "uv": [ 1.5, 15.5, 14.5, 16 ], "texture": "#texture", "cullface": "south" },
        "south": { "uv": [ 1.5, 10, 14.5, 12.5 ], "texture": "#texture", "cullface": "south" },
        "west":  { "uv": [ 15.5, 10, 16, 12.5 ], "texture": "#texture", "cullface": "south" },
        "east":  { "uv": [ 0, 10, 0.5, 12.5 ], "texture": "#texture", "cullface": "south" }
    }
},
{
    "from": [ 1.5, 0.5, 15.5 ],
    "to": [ 14.5, 3, 16 ],
    "faces": {
        "up":    { "uv": [ 1.5, 15.5, 14.5, 16 ], "texture": "#texture", "cullface": "south" },
        "south": { "uv": [ 1.5, 13, 14.5, 15.5 ], "texture": "#texture", "cullface": "south" },
        "west":  { "uv": [ 15.5, 13, 16, 15.5 ], "texture": "#texture", "cullface": "south" },
        "east":  { "uv": [ 0, 13, 0.5, 15.5 ], "texture": "#texture", "cullface": "south" }
    }
},
{
    "from": [ 1.5, 15.5, 13 ],
    "to": [ 14.5, 16, 15.5 ],
    "faces": {
        "up":    { "uv": [ 1.5, 13, 14.5, 15.5 ], "texture": "#texture", "cullface": "up" },
        "north": { "uv": [ 1.5, 0, 14.5, 0.5 ], "texture": "#texture" },
        "west":  { "uv": [ 13, 0, 15.5, 0.5 ], "texture": "#texture" },
        "east":  { "uv": [ 0.5, 0, 3, 0.5 ], "texture": "#texture" }
    }
},
{
    "from": [ 1.5, 0, 3.5 ],
    "to": [ 14.5, 0.5, 6.5 ],
    "faces": {
        "down":  { "uv": [ 1.5, 6.5, 14.5, 3.5 ], "texture": "#texture", "cullface": "down" },
        "north": { "uv": [ 1.5, 15.5, 14.5, 16 ], "texture": "#texture" },
        "south": { "uv": [ 1.5, 15.5, 14.5, 16 ], "texture": "#texture" },
        "west":  { "uv": [ 3.5, 15.5, 6.5, 16 ], "texture": "#texture" },
        "east":  { "uv": [ 9.5, 15.5, 12.5, 16 ], "texture": "#texture" }
    }
},
{
    "from": [ 1.5, 15.5, 0 ],
    "to": [ 14.5, 16, 3 ],
    "faces": {
        "down":  { "uv": [ 1.5, 3, 14.5, 0 ], "texture": "#texture" },
        "up":    { "uv": [ 1.5, 0, 14.5, 3 ], "texture": "#texture", "cullface": "up" },
        "north": { "uv": [ 1.5, 0, 14.5, 0.5 ], "texture": "#texture" },
        "south": { "uv": [ 1.5, 0, 14.5, 0.5 ], "texture": "#texture" },
        "west":  { "uv": [ 0, 0, 3, 0.5 ], "texture": "#texture" },
        "east":  { "uv": [ 13, 0, 16, 0.5 ], "texture": "#texture" }
    }
},
{
    "from": [ 1.5, 0, 7 ],
    "to": [ 14.5, 0.5, 9.5 ],
    "faces": {
        "down":  { "uv": [ 1.5, 9.5, 14.5, 7 ], "texture": "#texture", "cullface": "down" },
        "north": { "uv": [ 1.5, 15.5, 14.5, 16 ], "texture": "#texture" },
        "south": { "uv": [ 1.5, 15.5, 14.5, 16 ], "texture": "#texture" },
        "west":  { "uv": [ 7, 15.5, 9.5, 16 ], "texture": "#texture" },
        "east":  { "uv": [ 6.5, 15.5, 9, 16 ], "texture": "#texture" }
    }
},
{
    "from": [ 1.5, 0, 10 ],
    "to": [ 14.5, 0.5, 12.5 ],
    "faces": {
        "down":  { "uv": [ 1.5, 12.5, 14.5, 10 ], "texture": "#texture", "cullface": "down" },
        "north": { "uv": [ 1.5, 15.5, 14.5, 16 ], "texture": "#texture" },
        "south": { "uv": [ 1.5, 15.5, 14.5, 16 ], "texture": "#texture" },
        "west":  { "uv": [ 10, 15.5, 12.5, 16 ], "texture": "#texture" },
        "east":  { "uv": [ 3.5, 15.5, 6, 16 ], "texture": "#texture" }
    }
},
{
    "from": [ 0, 15.5, 0 ],
    "to": [ 1, 16, 16 ],
    "faces": {
        "down":  { "uv": [ 0, 16, 1, 0 ], "texture": "#texture" },
        "up":    { "uv": [ 0, 0, 1, 16 ], "texture": "#texture" },
        "north": { "uv": [ 15, 0, 16, 0.5 ], "texture": "#texture" },
        "south": { "uv": [ 0, 0, 1, 0.5 ], "texture": "#texture" },
        "west":  { "uv": [ 0, 0, 16, 0.5 ], "texture": "#texture" },
        "east":  { "uv": [ 0, 0, 16, 0.5 ], "texture": "#texture" }
    }
},
{
    "from": [ 15, 15.5, 0 ],
    "to": [ 16, 16, 16 ],
    "faces": {
        "down":  { "uv": [ 15, 16, 16, 0 ], "texture": "#texture" },
        "up":    { "uv": [ 15, 0, 16, 16 ], "texture": "#texture" },
        "north": { "uv": [ 0, 0, 1, 0.5 ], "texture": "#texture" },
        "south": { "uv": [ 15, 0, 16, 0.5 ], "texture": "#texture" },
        "west":  { "uv": [ 0, 0, 16, 0.5 ], "texture": "#texture" },
        "east":  { "uv": [ 0, 0, 16, 0.5 ], "texture": "#texture" }
    }
},
{
    "from": [ 15, 15.5, 0 ],
    "to": [ 16, 16, 16 ],
    "faces": {
        "down":  { "uv": [ 15, 16, 16, 0 ], "texture": "#texture" },
        "up":    { "uv": [ 15, 0, 16, 16 ], "texture": "#texture" },
        "north": { "uv": [ 0, 0, 1, 0.5 ], "texture": "#texture" },
        "south": { "uv": [ 15, 0, 16, 0.5 ], "texture": "#texture" },
        "west":  { "uv": [ 0, 0, 16, 0.5 ], "texture": "#texture" },
        "east":  { "uv": [ 0, 0, 16, 0.5 ], "texture": "#texture" }
    }
},
{
    "from": [ 1.5, 15.5, 10 ],
    "to": [ 14.5, 16, 12.5 ],
    "faces": {
        "up":    { "uv": [ 1.5, 10, 14.5, 12.5 ], "texture": "#texture", "cullface": "up" },
        "north": { "uv": [ 1.5, 0, 14.5, 0.5 ], "texture": "#texture" },
        "south": { "uv": [ 1.5, 0, 14.5, 0.5 ], "texture": "#texture" },
        "west":  { "uv": [ 10, 0, 12.5, 0.5 ], "texture": "#texture" },
        "east":  { "uv": [ 3.5, 0, 6, 0.5 ], "texture": "#texture" }
    }
},
{
    "from": [ 1.5, 15.5, 7 ],
    "to": [ 14.5, 16, 9.5 ],
    "faces": {
        "up":    { "uv": [ 1.5, 7, 14.5, 9.5 ], "texture": "#texture", "cullface": "up" },
        "north": { "uv": [ 1.5, 0, 14.5, 0.5 ], "texture": "#texture" },
        "south": { "uv": [ 1.5, 0, 14.5, 0.5 ], "texture": "#texture" },
        "west":  { "uv": [ 7, 0, 9.5, 0.5 ], "texture": "#texture" },
        "east":  { "uv": [ 6.5, 0, 9, 0.5 ], "texture": "#texture" }
    }
},
{
    "from": [ 1.5, 15.5, 3.5 ],
    "to": [ 14.5, 16, 6.5 ],
    "faces": {
        "up":    { "uv": [ 1.5, 3.5, 14.5, 6.5 ], "texture": "#texture", "cullface": "up" },
        "north": { "uv": [ 1.5, 0, 14.5, 0.5 ], "texture": "#texture" },
        "south": { "uv": [ 1.5, 0, 14.5, 0.5 ], "texture": "#texture" },
        "west":  { "uv": [ 3.5, 0, 6.5, 0.5 ], "texture": "#texture" },
        "east":  { "uv": [ 9.5, 0, 12.5, 0.5 ], "texture": "#texture" }
    }
},
{
    "from": [ 1.5, 0, 0 ],
    "to": [ 14.5, 0.5, 3 ],
    "faces": {
        "down":  { "uv": [ 1.5, 3, 14.5, 0 ], "texture": "#texture", "cullface": "down" },
        "up":    { "uv": [ 1.5, 0, 14.5, 3 ], "texture": "#texture" },
        "north": { "uv": [ 1.5, 15.5, 14.5, 16 ], "texture": "#texture" },
        "south": { "uv": [ 1.5, 15.5, 14.5, 16 ], "texture": "#texture" },
        "west":  { "uv": [ 0, 15.5, 3, 16 ], "texture": "#texture" },
        "east":  { "uv": [ 13, 15.5, 16, 16 ], "texture": "#texture" }
    }
},
{
    "from": [ 0, 0, 0 ],
    "to": [ 1, 0.5, 16 ],
    "faces": {
        "down":  { "uv": [ 0, 16, 1, 0 ], "texture": "#texture" },
        "up":    { "uv": [ 0, 0, 1, 16 ], "texture": "#texture" },
        "north": { "uv": [ 15, 15.5, 16, 16 ], "texture": "#texture" },
        "south": { "uv": [ 0, 15.5, 1, 16 ], "texture": "#texture" },
        "west":  { "uv": [ 0, 15.5, 16, 16 ], "texture": "#texture" },
        "east":  { "uv": [ 0, 15.5, 16, 16 ], "texture": "#texture" }
    }
},
{
    "from": [ 15, 0, 0 ],
    "to": [ 16, 0.5, 16 ],
    "faces": {
        "down":  { "uv": [ 15, 16, 16, 0 ], "texture": "#texture" },
        "up":    { "uv": [ 15, 0, 16, 16 ], "texture": "#texture" },
        "north": { "uv": [ 0, 15.5, 1, 16 ], "texture": "#texture" },
        "south": { "uv": [ 15, 15.5, 16, 16 ], "texture": "#texture" },
        "west":  { "uv": [ 0, 15.5, 16, 16 ], "texture": "#texture" },
        "east":  { "uv": [ 0, 15.5, 16, 16 ], "texture": "#texture" }
    }
},
{
    "from": [ 1.5, 0, 13 ],
    "to": [ 14.5, 0.5, 15.5 ],
    "faces": {
        "down":  { "uv": [ 1.5, 15.5, 14.5, 13 ], "texture": "#texture", "cullface": "down" },
        "north": { "uv": [ 1.5, 15.5, 14.5, 16 ], "texture": "#texture", "cullface": "down" },
        "west":  { "uv": [ 13, 15.5, 15.5, 16 ], "texture": "#texture", "cullface": "down" },
        "east":  { "uv": [ 0.5, 15.5, 3, 16 ], "texture": "#texture", "cullface": "down" }
    }
},
{
    "from": [ 1, 15.5, 0 ],
    "to": [ 15, 16, 0.5 ],
    "faces": {
        "down":  { "uv": [ 1, 0.5, 15, 0 ], "texture": "#texture" },
        "up":    { "uv": [ 1, 0, 15, 0.5 ], "texture": "#texture" },
        "north": { "uv": [ 1, 0, 15, 0.5 ], "texture": "#texture" },
        "south": { "uv": [ 1, 0, 15, 0.5 ], "texture": "#texture" }
    }
},
{
    "from": [ 1, 15.5, 15.5 ],
    "to": [ 15, 16, 16 ],
    "faces": {
        "down":  { "uv": [ 1, 16, 15, 15.5 ], "texture": "#texture" },
        "up":    { "uv": [ 1, 15.5, 15, 16 ], "texture": "#texture" },
        "north": { "uv": [ 1, 0, 15, 0.5 ], "texture": "#texture" },
        "south": { "uv": [ 1, 0, 15, 0.5 ], "texture": "#texture" }
    }
},
{
    "from": [ 1, 0, 0 ],
    "to": [ 15, 0.5, 0.5 ],
    "faces": {
        "down":  { "uv": [ 1, 0.5, 15, 0 ], "texture": "#texture" },
        "up":    { "uv": [ 1, 0, 15, 0.5 ], "texture": "#texture" },
        "north": { "uv": [ 1, 15.5, 15, 16 ], "texture": "#texture" },
        "south": { "uv": [ 1, 15.5, 15, 16 ], "texture": "#texture" }
    }
},
{
    "from": [ 1, 0, 15.5 ],
    "to": [ 15, 0.5, 16 ],
    "faces": {
        "down":  { "uv": [ 1, 16, 15, 15.5 ], "texture": "#texture" },
        "up":    { "uv": [ 1, 15.5, 15, 16 ], "texture": "#texture" },
        "north": { "uv": [ 1, 15.5, 15, 16 ], "texture": "#texture" },
        "south": { "uv": [ 1, 15.5, 15, 16 ], "texture": "#texture" }
    }
}
],
"display": {
	"thirdperson": {
		"rotation": [ 0, 0, 0 ],
		"translation": [ 0, 0.5, 0 ],
		"scale": [ 1.1, 1.1, 1.1 ]
	},
	"firstperson": {
		"rotation": [ 0, 0, 0 ],
		"translation": [ 0, 0, 0 ],
		"scale": [ 1, 1, 1 ]
	},
	"gui": {
		"rotation": [ 2,0, 0 ],
		"translation": [ 0, 0, 0 ],
		"scale": [ 1, 1, 1 ]
	}
}
}