{
"ambientocclusion": false,
"textures": {
    "particle": "blocks/redstone_dust_cross",
    "texture": "blocks/redstone_dust_cros"
},
"elements": [ 
{
    "from": [ 6.5, 0, 6.5 ],
    "to": [ 9.5, 1, 9.5 ],
    "shade": false,
    "faces": {
        "down":  { "uv": [ 6.5, 9.5, 9.5, 6.5 ], "texture": "#texture", "tintindex": 0 },
        "up":    { "uv": [ 6.5, 6.5, 9.5, 9.5 ], "texture": "#texture", "tintindex": 0 },
        "north": { "uv": [ 6.5, 14, 9.5, 16 ], "texture": "#texture", "tintindex": 0 },
        "south": { "uv": [ 6.5, 14, 9.5, 16 ], "texture": "#texture", "tintindex": 0 },
        "west":  { "uv": [ 6.5, 14, 9.5, 16 ], "texture": "#texture", "tintindex": 0 },
        "east":  { "uv": [ 6.5, 14, 9.5, 16 ], "texture": "#texture", "tintindex": 0 }
    }
}
]
}