{
"ambientocclusion": false,
"textures": {
    "particle": "#texture",
    "texture": "blocks/trapdoor"
},
"elements": [ 
{
    "from": [ 0, 0, 0 ],
    "to": [ 3, 3, 16 ],
    "faces": {
        "down":  { "uv": [ 0, 16, 3, 0 ], "texture": "#texture" },
        "up":    { "uv": [ 0, 0, 3, 16 ], "texture": "#texture" },
        "north": { "uv": [ 13, 13, 16, 16 ], "texture": "#texture" },
        "south": { "uv": [ 0, 13, 3, 16 ], "texture": "#texture" },
        "west":  { "uv": [ 0, 13, 16, 16 ], "texture": "#texture" },
        "east":  { "uv": [ 0, 13, 16, 16 ], "texture": "#texture" }
    }
},
{
    "from": [ 13, 0, 0 ],
    "to": [ 16, 3, 16 ],
    "faces": {
        "down":  { "uv": [ 13, 16, 16, 0 ], "texture": "#texture" },
        "up":    { "uv": [ 13, 0, 16, 16 ], "texture": "#texture" },
        "north": { "uv": [ 0, 13, 3, 16 ], "texture": "#texture" },
        "south": { "uv": [ 13, 13, 16, 16 ], "texture": "#texture" },
        "west":  { "uv": [ 0, 13, 16, 16 ], "texture": "#texture" },
        "east":  { "uv": [ 0, 13, 16, 16 ], "texture": "#texture" }
    }
},
{
    "from": [ 3, 0, 13 ],
    "to": [ 13, 3, 16 ],
    "faces": {
        "down":  { "uv": [ 3, 16, 13, 13 ], "texture": "#texture" },
        "up":    { "uv": [ 3, 13, 13, 16 ], "texture": "#texture" },
        "north": { "uv": [ 3, 13, 13, 16 ], "texture": "#texture" },
        "south": { "uv": [ 3, 13, 13, 16 ], "texture": "#texture" },
        "west":  { "uv": [ 13, 13, 16, 16 ], "texture": "#texture" },
        "east":  { "uv": [ 0, 13, 3, 16 ], "texture": "#texture" }
    }
},
{
    "from": [ 3, 0, 0 ],
    "to": [ 13, 3, 3 ],
    "faces": {
        "down":  { "uv": [ 3, 3, 13, 0 ], "texture": "#texture" },
        "up":    { "uv": [ 3, 0, 13, 3 ], "texture": "#texture" },
        "north": { "uv": [ 3, 13, 13, 16 ], "texture": "#texture" },
        "south": { "uv": [ 3, 13, 13, 16 ], "texture": "#texture" },
        "west":  { "uv": [ 0, 13, 3, 16 ], "texture": "#texture" },
        "east":  { "uv": [ 13, 13, 16, 16 ], "texture": "#texture" }
    }
},
{
    "from": [ 3, 1.4375, 3 ],
    "to": [ 13, 1.5, 13 ],
    "faces": {
        "down":  { "uv": [ 3, 13, 13, 3 ], "texture": "#texture" },
        "up":    { "uv": [ 3, 3, 13, 13 ], "texture": "#texture" }
    }
}
]
}