{
"textures":{
"particle":"blocks/torch"
},
"elements":[
{"from": [8.0,0.0,3.2],
"to": [16.0,11.0,12.8],
"shade": true,
"faces": {
"up": {"uv": [ 8.0, 3.2, 16.0, 12.8 ],"texture":"#1"},
"down": {"uv": [ 8.0, 3.2, 16.0, 12.8 ],"texture":"#1"},
"north": {"uv": [ 8.0, 0.0, 16.0, 11.0 ],"texture":"#1"},
"south": {"uv": [ 8.0, 0.0, 16.0, 11.0 ],"texture":"#1"},
"west": {"uv": [ 3.2, 0.0, 12.8, 11.0 ],"texture":"#1"},
"east": {"uv": [ 3.2, 0.0, 12.8, 11.0 ],"texture":"#1"}
}
}
,
{"from": [0.0,11.0,0.0],
"to": [16.0,12.0,16.0],
"shade": true,
"faces": {
"up": {"uv": [ 0.0, 0.0, 16.0, 16.0 ],"texture":"#1"},
"down": {"uv": [ 0.0, 0.0, 16.0, 16.0 ],"texture":"#1"},
"north": {"uv": [ 0.0, 11.0, 16.0, 12.0 ],"texture":"#1"},
"south": {"uv": [ 0.0, 11.0, 16.0, 12.0 ],"texture":"#1"},
"west": {"uv": [ 0.0, 11.0, 16.0, 12.0 ],"texture":"#1"},
"east": {"uv": [ 0.0, 11.0, 16.0, 12.0 ],"texture":"#1"}
}
}
,
{"from": [12.0,12.0,0.0],
"to": [16.0,16.0,16.0],
"shade": true,
"faces": {
"up": {"uv": [ 12.0, 0.0, 16.0, 16.0 ],"texture":"#1"},
"down": {"uv": [ 12.0, 0.0, 16.0, 16.0 ],"texture":"#1"},
"north": {"uv": [ 12.0, 12.0, 16.0, 16.0 ],"texture":"#1"},
"south": {"uv": [ 12.0, 12.0, 16.0, 16.0 ],"texture":"#1"},
"west": {"uv": [ 0.0, 12.0, 16.0, 16.0 ],"texture":"#1"},
"east": {"uv": [ 0.0, 12.0, 16.0, 16.0 ],"texture":"#1"}
}
}
,
{"from": [0.0,12.0,0.0],
"to": [12.0,16.0,2.0],
"shade": true,
"faces": {
"up": {"uv": [ 0.0, 0.0, 12.0, 2.0 ],"texture":"#1"},
"down": {"uv": [ 0.0, 0.0, 12.0, 2.0 ],"texture":"#1"},
"north": {"uv": [ 0.0, 12.0, 12.0, 16.0 ],"texture":"#1"},
"south": {"uv": [ 0.0, 12.0, 12.0, 16.0 ],"texture":"#1"},
"west": {"uv": [ 0.0, 12.0, 2.0, 16.0 ],"texture":"#1"},
"east": {"uv": [ 0.0, 12.0, 2.0, 16.0 ],"texture":"#1"}
}
}
,
{"from": [0.0,12.0,14.0],
"to": [12.0,16.0,16.0],
"shade": true,
"faces": {
"up": {"uv": [ 0.0, 14.0, 12.0, 16.0 ],"texture":"#1"},
"down": {"uv": [ 0.0, 14.0, 12.0, 16.0 ],"texture":"#1"},
"north": {"uv": [ 0.0, 12.0, 12.0, 16.0 ],"texture":"#1"},
"south": {"uv": [ 0.0, 12.0, 12.0, 16.0 ],"texture":"#1"},
"west": {"uv": [ 14.0, 12.0, 16.0, 16.0 ],"texture":"#1"},
"east": {"uv": [ 14.0, 12.0, 16.0, 16.0 ],"texture":"#1"}
}
}
,
{"from": [0.0,12.0,2.0],
"to": [2.0,16.0,14.0],
"shade": true,
"faces": {
"up": {"uv": [ 0.0, 2.0, 2.0, 14.0 ],"texture":"#1"},
"down": {"uv": [ 0.0, 2.0, 2.0, 14.0 ],"texture":"#1"},
"north": {"uv": [ 0.0, 12.0, 2.0, 16.0 ],"texture":"#1"},
"south": {"uv": [ 0.0, 12.0, 2.0, 16.0 ],"texture":"#1"},
"west": {"uv": [ 2.0, 12.0, 14.0, 16.0 ],"texture":"#1"},
"east": {"uv": [ 2.0, 12.0, 14.0, 16.0 ],"texture":"#1"}
}
}
,
{"from": [13.0,16.0,7.0],
"to": [15.0,20.0,9.0],
"shade": true,
"faces": {
"up": {"uv": [ 13.0, 7.0, 15.0, 9.0 ],"texture":"#2"},
"down": {"uv": [ 13.0, 7.0, 15.0, 9.0 ],"texture":"#2"},
"north": {"uv": [ 13.0, 12.0, 15.0, 16.0 ],"texture":"#2"},
"south": {"uv": [ 13.0, 12.0, 15.0, 16.0 ],"texture":"#2"},
"west": {"uv": [ 7.0, 12.0, 9.0, 16.0 ],"texture":"#2"},
"east": {"uv": [ 7.0, 12.0, 9.0, 16.0 ],"texture":"#2"}
}
}
,
{"from": [9.0,20.0,7.0],
"to": [15.0,22.0,9.0],
"shade": true,
"faces": {
"up": {"uv": [ 9.0, 7.0, 15.0, 9.0 ],"texture":"#2"},
"down": {"uv": [ 9.0, 7.0, 15.0, 9.0 ],"texture":"#2"},
"north": {"uv": [ 9.0, 14.0, 15.0, 16.0 ],"texture":"#2"},
"south": {"uv": [ 9.0, 14.0, 15.0, 16.0 ],"texture":"#2"},
"west": {"uv": [ 7.0, 14.0, 9.0, 16.0 ],"texture":"#2"},
"east": {"uv": [ 7.0, 14.0, 9.0, 16.0 ],"texture":"#2"}
}
}
,
{"from": [13.0,16.0,2.0],
"to": [15.0,18.0,4.0],
"shade": true,
"faces": {
"up": {"uv": [ 13.0, 2.0, 15.0, 4.0 ],"texture":"#2"},
"down": {"uv": [ 13.0, 2.0, 15.0, 4.0 ],"texture":"#2"},
"north": {"uv": [ 13.0, 14.0, 15.0, 16.0 ],"texture":"#2"},
"south": {"uv": [ 13.0, 14.0, 15.0, 16.0 ],"texture":"#2"},
"west": {"uv": [ 2.0, 14.0, 4.0, 16.0 ],"texture":"#2"},
"east": {"uv": [ 2.0, 14.0, 4.0, 16.0 ],"texture":"#2"}
}
}
,
{"from": [13.0,16.0,12.0],
"to": [15.0,18.0,14.0],
"shade": true,
"faces": {
"up": {"uv": [ 13.0, 12.0, 15.0, 14.0 ],"texture":"#2"},
"down": {"uv": [ 13.0, 12.0, 15.0, 14.0 ],"texture":"#2"},
"north": {"uv": [ 13.0, 14.0, 15.0, 16.0 ],"texture":"#2"},
"south": {"uv": [ 13.0, 14.0, 15.0, 16.0 ],"texture":"#2"},
"west": {"uv": [ 12.0, 14.0, 14.0, 16.0 ],"texture":"#2"},
"east": {"uv": [ 12.0, 14.0, 14.0, 16.0 ],"texture":"#2"}
}
}
,
{"from": [9.0,19.68,7.0],
"to": [11.0,20.0,9.0],
"shade": true,
"faces": {
"up": {"uv": [ 9.0, 7.0, 11.0, 9.0 ],"texture":"#3"},
"down": {"uv": [ 9.0, 7.0, 11.0, 9.0 ],"texture":"#3"},
"north": {"uv": [ 9.0, 15.68, 11.0, 16.0 ],"texture":"#3"},
"south": {"uv": [ 9.0, 15.68, 11.0, 16.0 ],"texture":"#3"},
"west": {"uv": [ 7.0, 15.68, 9.0, 16.0 ],"texture":"#3"},
"east": {"uv": [ 7.0, 15.68, 9.0, 16.0 ],"texture":"#3"}
}
}
,
{"from": [2.0,14.4,2.0],
"to": [14.0,14.56,14.0],
"shade": true,
"faces": {
"up": {"uv": [ 2.0, 2.0, 14.0, 14.0 ],"texture":"#4"},
"down": {"uv": [ 2.0, 2.0, 14.0, 14.0 ],"texture":"#4"},
"north": {"uv": [ 2.0, 14.4, 14.0, 14.56 ],"texture":"#4"},
"south": {"uv": [ 2.0, 14.4, 14.0, 14.56 ],"texture":"#4"},
"west": {"uv": [ 2.0, 14.4, 14.0, 14.56 ],"texture":"#4"},
"east": {"uv": [ 2.0, 14.4, 14.0, 14.56 ],"texture":"#4"}
}
}
]
}
