{
"textures":{
"particle":"blocks/torch"
},
"elements":[
{"from": [0.0,2.0,2.0],
"to": [1.0,7.0,14.0],
"shade": true,
"faces": {
"up": {"uv": [ 0.0, 2.0, 1.0, 14.0 ],"texture":"#1"},
"down": {"uv": [ 0.0, 2.0, 1.0, 14.0 ],"texture":"#1"},
"north": {"uv": [ 0.0, 2.0, 1.0, 7.0 ],"texture":"#1"},
"south": {"uv": [ 0.0, 2.0, 1.0, 7.0 ],"texture":"#1"},
"west": {"uv": [ 2.0, 2.0, 14.0, 7.0 ],"texture":"#1"},
"east": {"uv": [ 2.0, 2.0, 14.0, 7.0 ],"texture":"#1"}
}
}
,
{"from": [0.0,9.0,2.0],
"to": [1.0,14.0,14.0],
"shade": true,
"faces": {
"up": {"uv": [ 0.0, 2.0, 1.0, 14.0 ],"texture":"#1"},
"down": {"uv": [ 0.0, 2.0, 1.0, 14.0 ],"texture":"#1"},
"north": {"uv": [ 0.0, 9.0, 1.0, 14.0 ],"texture":"#1"},
"south": {"uv": [ 0.0, 9.0, 1.0, 14.0 ],"texture":"#1"},
"west": {"uv": [ 2.0, 9.0, 14.0, 14.0 ],"texture":"#1"},
"east": {"uv": [ 2.0, 9.0, 14.0, 14.0 ],"texture":"#1"}
}
}
,
{"from": [-0.48,4.0,6.0],
"to": [0.0,5.0,10.0],
"shade": true,
"faces": {
"up": {"uv": [ -0.48, 6.0, 0.0, 10.0 ],"texture":"#2"},
"down": {"uv": [ -0.48, 6.0, 0.0, 10.0 ],"texture":"#2"},
"north": {"uv": [ -0.48, 4.0, 0.0, 5.0 ],"texture":"#2"},
"south": {"uv": [ -0.48, 4.0, 0.0, 5.0 ],"texture":"#2"},
"west": {"uv": [ 6.0, 4.0, 10.0, 5.0 ],"texture":"#2"},
"east": {"uv": [ 6.0, 4.0, 10.0, 5.0 ],"texture":"#2"}
}
}
,
{"from": [-0.48,11.0,6.0],
"to": [0.0,12.0,10.0],
"shade": true,
"faces": {
"up": {"uv": [ -0.48, 6.0, 0.0, 10.0 ],"texture":"#2"},
"down": {"uv": [ -0.48, 6.0, 0.0, 10.0 ],"texture":"#2"},
"north": {"uv": [ -0.48, 11.0, 0.0, 12.0 ],"texture":"#2"},
"south": {"uv": [ -0.48, 11.0, 0.0, 12.0 ],"texture":"#2"},
"west": {"uv": [ 6.0, 11.0, 10.0, 12.0 ],"texture":"#2"},
"east": {"uv": [ 6.0, 11.0, 10.0, 12.0 ],"texture":"#2"}
}
}
,
{"from": [1.0,1.6,1.0],
"to": [15.0,14.4,15.0],
"shade": false,
"faces": {
"up": {"uv": [ 1.0, 1.0, 15.0, 15.0 ],"texture":"#3"},
"down": {"uv": [ 1.0, 1.0, 15.0, 15.0 ],"texture":"#3"},
"north": {"uv": [ 1.0, 1.6, 15.0, 14.4 ],"texture":"#3"},
"south": {"uv": [ 1.0, 1.6, 15.0, 14.4 ],"texture":"#3"},
"west": {"uv": [ 1.0, 1.6, 15.0, 14.4 ],"texture":"#3"},
"east": {"uv": [ 1.0, 1.6, 15.0, 14.4 ],"texture":"#3"}
}
}
,
{"from": [0.0,0.0,0.0],
"to": [16.0,1.6,16.0],
"shade": false,
"faces": {
"up": {"uv": [ 0.0, 0.0, 16.0, 16.0 ],"texture":"#4"},
"down": {"uv": [ 0.0, 0.0, 16.0, 16.0 ],"texture":"#4"},
"north": {"uv": [ 0.0, 0.0, 16.0, 1.6 ],"texture":"#4"},
"south": {"uv": [ 0.0, 0.0, 16.0, 1.6 ],"texture":"#4"},
"west": {"uv": [ 0.0, 0.0, 16.0, 1.6 ],"texture":"#4"},
"east": {"uv": [ 0.0, 0.0, 16.0, 1.6 ],"texture":"#4"}
}
}
,
{"from": [0.0,14.4,0.0],
"to": [16.0,16.0,16.0],
"shade": false,
"faces": {
"up": {"uv": [ 0.0, 0.0, 16.0, 16.0 ],"texture":"#4"},
"down": {"uv": [ 0.0, 0.0, 16.0, 16.0 ],"texture":"#4"},
"north": {"uv": [ 0.0, 14.4, 16.0, 16.0 ],"texture":"#4"},
"south": {"uv": [ 0.0, 14.4, 16.0, 16.0 ],"texture":"#4"},
"west": {"uv": [ 0.0, 14.4, 16.0, 16.0 ],"texture":"#4"},
"east": {"uv": [ 0.0, 14.4, 16.0, 16.0 ],"texture":"#4"}
}
}
]
}
