{
"textures":{
"particle":"blocks/torch"
},
"elements":[
{"from": [1.6,12.8,1.6],
"to": [14.4,13.6,14.4],
"shade": false,
"faces": {
"up": {"uv": [ 1.6, 1.6, 14.4, 14.4 ],"texture":"#1"},
"down": {"uv": [ 1.6, 1.6, 14.4, 14.4 ],"texture":"#1"},
"north": {"uv": [ 1.6, 12.8, 14.4, 13.6 ],"texture":"#1"},
"south": {"uv": [ 1.6, 12.8, 14.4, 13.6 ],"texture":"#1"},
"west": {"uv": [ 1.6, 12.8, 14.4, 13.6 ],"texture":"#1"},
"east": {"uv": [ 1.6, 12.8, 14.4, 13.6 ],"texture":"#1"}
}
}
,
{"from": [4.0,0.0,4.0],
"to": [12.0,1.6,12.0],
"shade": false,
"faces": {
"up": {"uv": [ 4.0, 4.0, 12.0, 12.0 ],"texture":"#2"},
"down": {"uv": [ 4.0, 4.0, 12.0, 12.0 ],"texture":"#2"},
"north": {"uv": [ 4.0, 0.0, 12.0, 1.6 ],"texture":"#2"},
"south": {"uv": [ 4.0, 0.0, 12.0, 1.6 ],"texture":"#2"},
"west": {"uv": [ 4.0, 0.0, 12.0, 1.6 ],"texture":"#2"},
"east": {"uv": [ 4.0, 0.0, 12.0, 1.6 ],"texture":"#2"}
}
}
,
{"from": [5.0,1.6,5.0],
"to": [11.0,11.2,11.0],
"shade": false,
"faces": {
"up": {"uv": [ 5.0, 5.0, 11.0, 11.0 ],"texture":"#2"},
"down": {"uv": [ 5.0, 5.0, 11.0, 11.0 ],"texture":"#2"},
"north": {"uv": [ 5.0, 1.6, 11.0, 11.2 ],"texture":"#2"},
"south": {"uv": [ 5.0, 1.6, 11.0, 11.2 ],"texture":"#2"},
"west": {"uv": [ 5.0, 1.6, 11.0, 11.2 ],"texture":"#2"},
"east": {"uv": [ 5.0, 1.6, 11.0, 11.2 ],"texture":"#2"}
}
}
,
{"from": [0.0,11.2,0.0],
"to": [16.0,12.8,16.0],
"shade": false,
"faces": {
"up": {"uv": [ 0.0, 0.0, 16.0, 16.0 ],"texture":"#2"},
"down": {"uv": [ 0.0, 0.0, 16.0, 16.0 ],"texture":"#2"},
"north": {"uv": [ 0.0, 11.2, 16.0, 12.8 ],"texture":"#2"},
"south": {"uv": [ 0.0, 11.2, 16.0, 12.8 ],"texture":"#2"},
"west": {"uv": [ 0.0, 11.2, 16.0, 12.8 ],"texture":"#2"},
"east": {"uv": [ 0.0, 11.2, 16.0, 12.8 ],"texture":"#2"}
}
}
,
{"from": [0.0,12.8,0.0],
"to": [1.6,14.4,16.0],
"shade": false,
"faces": {
"up": {"uv": [ 0.0, 0.0, 1.6, 16.0 ],"texture":"#2"},
"down": {"uv": [ 0.0, 0.0, 1.6, 16.0 ],"texture":"#2"},
"north": {"uv": [ 0.0, 12.8, 1.6, 14.4 ],"texture":"#2"},
"south": {"uv": [ 0.0, 12.8, 1.6, 14.4 ],"texture":"#2"},
"west": {"uv": [ 0.0, 12.8, 16.0, 14.4 ],"texture":"#2"},
"east": {"uv": [ 0.0, 12.8, 16.0, 14.4 ],"texture":"#2"}
}
}
,
{"from": [1.6,11.2,0.0],
"to": [14.4,14.4,1.6],
"shade": false,
"faces": {
"up": {"uv": [ 1.6, 0.0, 14.4, 1.6 ],"texture":"#2"},
"down": {"uv": [ 1.6, 0.0, 14.4, 1.6 ],"texture":"#2"},
"north": {"uv": [ 1.6, 11.2, 14.4, 14.4 ],"texture":"#2"},
"south": {"uv": [ 1.6, 11.2, 14.4, 14.4 ],"texture":"#2"},
"west": {"uv": [ 0.0, 11.2, 1.6, 14.4 ],"texture":"#2"},
"east": {"uv": [ 0.0, 11.2, 1.6, 14.4 ],"texture":"#2"}
}
}
,
{"from": [1.6,11.2,14.4],
"to": [14.4,14.4,16.0],
"shade": false,
"faces": {
"up": {"uv": [ 1.6, 14.4, 14.4, 16.0 ],"texture":"#2"},
"down": {"uv": [ 1.6, 14.4, 14.4, 16.0 ],"texture":"#2"},
"north": {"uv": [ 1.6, 11.2, 14.4, 14.4 ],"texture":"#2"},
"south": {"uv": [ 1.6, 11.2, 14.4, 14.4 ],"texture":"#2"},
"west": {"uv": [ 14.4, 11.2, 16.0, 14.4 ],"texture":"#2"},
"east": {"uv": [ 14.4, 11.2, 16.0, 14.4 ],"texture":"#2"}
}
}
,
{"from": [14.4,12.8,0.0],
"to": [16.0,14.4,16.0],
"shade": false,
"faces": {
"up": {"uv": [ 14.4, 0.0, 16.0, 16.0 ],"texture":"#2"},
"down": {"uv": [ 14.4, 0.0, 16.0, 16.0 ],"texture":"#2"},
"north": {"uv": [ 14.4, 12.8, 16.0, 14.4 ],"texture":"#2"},
"south": {"uv": [ 14.4, 12.8, 16.0, 14.4 ],"texture":"#2"},
"west": {"uv": [ 0.0, 12.8, 16.0, 14.4 ],"texture":"#2"},
"east": {"uv": [ 0.0, 12.8, 16.0, 14.4 ],"texture":"#2"}
}
}
]
}
