{
"textures":{
"particle":"blocks/torch"
},
"elements":[
{"from": [14.0,14.0,0.0],
"to": [16.0,16.0,16.0],
"shade": true,
"faces": {
"up": {"uv": [ 14.0, 0.0, 16.0, 16.0 ],"texture":"#1"},
"down": {"uv": [ 14.0, 0.0, 16.0, 16.0 ],"texture":"#1"},
"north": {"uv": [ 14.0, 14.0, 16.0, 16.0 ],"texture":"#1"},
"south": {"uv": [ 14.0, 14.0, 16.0, 16.0 ],"texture":"#1"},
"west": {"uv": [ 0.0, 14.0, 16.0, 16.0 ],"texture":"#1"},
"east": {"uv": [ 0.0, 14.0, 16.0, 16.0 ],"texture":"#1"}
}
}
,
{"from": [15.0,0.0,0.0],
"to": [16.0,14.0,16.0],
"shade": true,
"faces": {
"up": {"uv": [ 15.0, 0.0, 16.0, 16.0 ],"texture":"#2"},
"down": {"uv": [ 15.0, 0.0, 16.0, 16.0 ],"texture":"#2"},
"north": {"uv": [ 15.0, 0.0, 16.0, 14.0 ],"texture":"#2"},
"south": {"uv": [ 15.0, 0.0, 16.0, 14.0 ],"texture":"#2"},
"west": {"uv": [ 0.0, 0.0, 16.0, 14.0 ],"texture":"#2"},
"east": {"uv": [ 0.0, 0.0, 16.0, 14.0 ],"texture":"#2"}
}
}
,
{"from": [14.5,8.0,0.75],
"to": [15.0,14.0,1.25],
"shade": true,
"faces": {
"up": {"uv": [ 14.5, 0.75, 15.0, 1.25 ],"texture":"#3"},
"down": {"uv": [ 14.5, 0.75, 15.0, 1.25 ],"texture":"#3"},
"north": {"uv": [ 14.5, 8.0, 15.0, 14.0 ],"texture":"#3"},
"south": {"uv": [ 14.5, 8.0, 15.0, 14.0 ],"texture":"#3"},
"west": {"uv": [ 0.75, 8.0, 1.25, 14.0 ],"texture":"#3"},
"east": {"uv": [ 0.75, 8.0, 1.25, 14.0 ],"texture":"#3"}
}
}
]
}
