{
"textures":{
"particle":"blocks/planks_oak"
},
"elements":[
{"from": [1.6,0.0,1.6],
"to": [3.2,8.0,3.2],
"shade": false,
"faces": {
"up": {"uv": [ 1.6, 1.6, 3.2, 3.2 ],"texture":"#1"},
"down": {"uv": [ 1.6, 1.6, 3.2, 3.2 ],"texture":"#1"},
"north": {"uv": [ 1.6, 0.0, 3.2, 8.0 ],"texture":"#1"},
"south": {"uv": [ 1.6, 0.0, 3.2, 8.0 ],"texture":"#1"},
"west": {"uv": [ 1.6, 0.0, 3.2, 8.0 ],"texture":"#1"},
"east": {"uv": [ 1.6, 0.0, 3.2, 8.0 ],"texture":"#1"}
}
},
{"from": [12.8,0.0,12.8],
"to": [14.4,8.0,14.4],
"shade": false,
"faces": {
"up": {"uv": [ 12.8, 12.8, 14.4, 14.4 ],"texture":"#1"},
"down": {"uv": [ 12.8, 12.8, 14.4, 14.4 ],"texture":"#1"},
"north": {"uv": [ 12.8, 0.0, 14.4, 8.0 ],"texture":"#1"},
"south": {"uv": [ 12.8, 0.0, 14.4, 8.0 ],"texture":"#1"},
"west": {"uv": [ 12.8, 0.0, 14.4, 8.0 ],"texture":"#1"},
"east": {"uv": [ 12.8, 0.0, 14.4, 8.0 ],"texture":"#1"}
}
},
{"from": [12.8,0.0,1.6],
"to": [14.4,8.0,3.2],
"shade": false,
"faces": {
"up": {"uv": [ 12.8, 1.6, 14.4, 3.2 ],"texture":"#1"},
"down": {"uv": [ 12.8, 1.6, 14.4, 3.2 ],"texture":"#1"},
"north": {"uv": [ 12.8, 0.0, 14.4, 8.0 ],"texture":"#1"},
"south": {"uv": [ 12.8, 0.0, 14.4, 8.0 ],"texture":"#1"},
"west": {"uv": [ 1.6, 0.0, 3.2, 8.0 ],"texture":"#1"},
"east": {"uv": [ 1.6, 0.0, 3.2, 8.0 ],"texture":"#1"}
}
},
{"from": [1.6,0.0,12.8],
"to": [3.2,8.0,14.4],
"shade": false,
"faces": {
"up": {"uv": [ 1.6, 12.8, 3.2, 14.4 ],"texture":"#1"},
"down": {"uv": [ 1.6, 12.8, 3.2, 14.4 ],"texture":"#1"},
"north": {"uv": [ 1.6, 0.0, 3.2, 8.0 ],"texture":"#1"},
"south": {"uv": [ 1.6, 0.0, 3.2, 8.0 ],"texture":"#1"},
"west": {"uv": [ 12.8, 0.0, 14.4, 8.0 ],"texture":"#1"},
"east": {"uv": [ 12.8, 0.0, 14.4, 8.0 ],"texture":"#1"}
}
},
{"from": [12.8,9.6,1.6],
"to": [14.4,19.2,14.4],
"shade": true,
"faces": {
"up": {"uv": [ 12.8, 1.6, 14.4, 14.4 ],"texture":"#1"},
"down": {"uv": [ 12.8, 1.6, 14.4, 14.4 ],"texture":"#1"},
"north": {"uv": [ 12.8, 6.4, 14.4, 16.0 ],"texture":"#1"},
"south": {"uv": [ 12.8, 6.4, 14.4, 16.0 ],"texture":"#1"},
"west": {"uv": [ 1.6, 6.4, 14.4, 16.0 ],"texture":"#1"},
"east": {"uv": [ 1.6, 6.4, 14.4, 16.0 ],"texture":"#1"}
}
},
{"from": [1.6,8.0,1.6],
"to": [14.4,9.6,14.4],
"shade": false,
"faces": {
"up": {"uv": [ 1.6, 1.6, 14.4, 14.4 ],"texture":"#2"},
"down": {"uv": [ 1.6, 1.6, 14.4, 14.4 ],"texture":"#2"},
"north": {"uv": [ 1.6, 8.0, 14.4, 9.6 ],"texture":"#2"},
"south": {"uv": [ 1.6, 8.0, 14.4, 9.6 ],"texture":"#2"},
"west": {"uv": [ 1.6, 8.0, 14.4, 9.6 ],"texture":"#2"},
"east": {"uv": [ 1.6, 8.0, 14.4, 9.6 ],"texture":"#2"}
}
}
]
}
