{
"textures":{
"particle":"blocks/torch"
},
"elements":[
{"from": [4.0,0.0,1.0],
"to": [13.0,1.0,15.0],
"shade": true,
"faces": {
"up": {"uv": [ 4.0, 1.0, 13.0, 15.0 ],"texture":"#1"},
"down": {"uv": [ 4.0, 1.0, 13.0, 15.0 ],"texture":"#1"},
"north": {"uv": [ 4.0, 0.0, 13.0, 1.0 ],"texture":"#1"},
"south": {"uv": [ 4.0, 0.0, 13.0, 1.0 ],"texture":"#1"},
"west": {"uv": [ 1.0, 0.0, 15.0, 1.0 ],"texture":"#1"},
"east": {"uv": [ 1.0, 0.0, 15.0, 1.0 ],"texture":"#1"}
}
}
,
{"from": [3.5,0.0,0.5],
"to": [13.5,1.0,1.0],
"shade": true,
"faces": {
"up": {"uv": [ 3.5, 0.5, 13.5, 1.0 ],"texture":"#2"},
"down": {"uv": [ 3.5, 0.5, 13.5, 1.0 ],"texture":"#2"},
"north": {"uv": [ 3.5, 0.0, 13.5, 1.0 ],"texture":"#2"},
"south": {"uv": [ 3.5, 0.0, 13.5, 1.0 ],"texture":"#2"},
"west": {"uv": [ 0.5, 0.0, 1.0, 1.0 ],"texture":"#2"},
"east": {"uv": [ 0.5, 0.0, 1.0, 1.0 ],"texture":"#2"}
}
}
,
{"from": [3.5,0.0,15.0],
"to": [13.5,1.0,15.5],
"shade": true,
"faces": {
"up": {"uv": [ 3.5, 15.0, 13.5, 15.5 ],"texture":"#2"},
"down": {"uv": [ 3.5, 15.0, 13.5, 15.5 ],"texture":"#2"},
"north": {"uv": [ 3.5, 0.0, 13.5, 1.0 ],"texture":"#2"},
"south": {"uv": [ 3.5, 0.0, 13.5, 1.0 ],"texture":"#2"},
"west": {"uv": [ 15.0, 0.0, 15.5, 1.0 ],"texture":"#2"},
"east": {"uv": [ 15.0, 0.0, 15.5, 1.0 ],"texture":"#2"}
}
}
,
{"from": [13.0,0.0,1.0],
"to": [13.5,1.0,15.0],
"shade": true,
"faces": {
"up": {"uv": [ 13.0, 1.0, 13.5, 15.0 ],"texture":"#2"},
"down": {"uv": [ 13.0, 1.0, 13.5, 15.0 ],"texture":"#2"},
"north": {"uv": [ 13.0, 0.0, 13.5, 1.0 ],"texture":"#2"},
"south": {"uv": [ 13.0, 0.0, 13.5, 1.0 ],"texture":"#2"},
"west": {"uv": [ 1.0, 0.0, 15.0, 1.0 ],"texture":"#2"},
"east": {"uv": [ 1.0, 0.0, 15.0, 1.0 ],"texture":"#2"}
}
}
,
{"from": [3.5,0.0,1.0],
"to": [4.0,1.0,15.0],
"shade": true,
"faces": {
"up": {"uv": [ 3.5, 1.0, 4.0, 15.0 ],"texture":"#2"},
"down": {"uv": [ 3.5, 1.0, 4.0, 15.0 ],"texture":"#2"},
"north": {"uv": [ 3.5, 0.0, 4.0, 1.0 ],"texture":"#2"},
"south": {"uv": [ 3.5, 0.0, 4.0, 1.0 ],"texture":"#2"},
"west": {"uv": [ 1.0, 0.0, 15.0, 1.0 ],"texture":"#2"},
"east": {"uv": [ 1.0, 0.0, 15.0, 1.0 ],"texture":"#2"}
}
}
]
}
