{
"textures":{
"particle":"blocks/iron_block"
},
"elements":[
{"from": [4.8,0.0,2.0],
"to": [15.0,4.8,14.0],
"shade": true,
"faces": {
"up": {"uv": [ 4.8, 2.0, 15.0, 14.0 ],"texture":"#1"},
"down": {"uv": [ 4.8, 2.0, 15.0, 14.0 ],"texture":"#1"},
"north": {"uv": [ 4.8, 0.0, 15.0, 4.8 ],"texture":"#1"},
"south": {"uv": [ 4.8, 0.0, 15.0, 4.8 ],"texture":"#1"},
"west": {"uv": [ 2.0, 0.0, 14.0, 4.8 ],"texture":"#1"},
"east": {"uv": [ 2.0, 0.0, 14.0, 4.8 ],"texture":"#1"}
}
},
{"from": [1.0,0.0,1.0],
"to": [3.8,1.0,15.0],
"shade": true,
"faces": {
"up": {"uv": [ 1.0, 1.0, 3.8, 15.0 ],"texture":"#2"},
"down": {"uv": [ 1.0, 1.0, 3.8, 15.0 ],"texture":"#2"},
"north": {"uv": [ 1.0, 0.0, 3.8, 1.0 ],"texture":"#2"},
"south": {"uv": [ 1.0, 0.0, 3.8, 1.0 ],"texture":"#2"},
"west": {"uv": [ 1.0, 0.0, 15.0, 1.0 ],"texture":"#2"},
"east": {"uv": [ 1.0, 0.0, 15.0, 1.0 ],"texture":"#2"}
}
},
{"from": [4.0,6.4,2.0],
"to": [6.4,7.4,14.0],
"shade": true,
"faces": {
"up": {"uv": [ 4.0, 2.0, 6.4, 14.0 ],"texture":"#3"},
"down": {"uv": [ 4.0, 2.0, 6.4, 14.0 ],"texture":"#3"},
"north": {"uv": [ 4.0, 6.4, 6.4, 7.4 ],"texture":"#3"},
"south": {"uv": [ 4.0, 6.4, 6.4, 7.4 ],"texture":"#3"},
"west": {"uv": [ 2.0, 6.4, 14.0, 7.4 ],"texture":"#3"},
"east": {"uv": [ 2.0, 6.4, 14.0, 7.4 ],"texture":"#3"}
}
},
{"from": [4.0,15.0,2.0],
"to": [6.4,16.0,14.0],
"shade": true,
"faces": {
"up": {"uv": [ 4.0, 2.0, 6.4, 14.0 ],"texture":"#3"},
"down": {"uv": [ 4.0, 2.0, 6.4, 14.0 ],"texture":"#3"},
"north": {"uv": [ 4.0, 15.0, 6.4, 16.0 ],"texture":"#3"},
"south": {"uv": [ 4.0, 15.0, 6.4, 16.0 ],"texture":"#3"},
"west": {"uv": [ 2.0, 15.0, 14.0, 16.0 ],"texture":"#3"},
"east": {"uv": [ 2.0, 15.0, 14.0, 16.0 ],"texture":"#3"}
}
},
{"from": [4.0,7.4008,2.0],
"to": [6.4,15.0,3.0],
"shade": true,
"faces": {
"up": {"uv": [ 4.0, 2.0, 6.4, 3.0 ],"texture":"#3"},
"down": {"uv": [ 4.0, 2.0, 6.4, 3.0 ],"texture":"#3"},
"north": {"uv": [ 4.0, 7.4008, 6.4, 15.0 ],"texture":"#3"},
"south": {"uv": [ 4.0, 7.4008, 6.4, 15.0 ],"texture":"#3"},
"west": {"uv": [ 2.0, 7.4008, 3.0, 15.0 ],"texture":"#3"},
"east": {"uv": [ 2.0, 7.4008, 3.0, 15.0 ],"texture":"#3"}
}
},
{"from": [4.0,7.4,13.0],
"to": [6.4,15.0,14.0],
"shade": true,
"faces": {
"up": {"uv": [ 4.0, 13.0, 6.4, 14.0 ],"texture":"#3"},
"down": {"uv": [ 4.0, 13.0, 6.4, 14.0 ],"texture":"#3"},
"north": {"uv": [ 4.0, 7.4, 6.4, 15.0 ],"texture":"#3"},
"south": {"uv": [ 4.0, 7.4, 6.4, 15.0 ],"texture":"#3"},
"west": {"uv": [ 13.0, 7.4, 14.0, 15.0 ],"texture":"#3"},
"east": {"uv": [ 13.0, 7.4, 14.0, 15.0 ],"texture":"#3"}
}
},
{"from": [6.4,7.4,3.0],
"to": [14.0,15.0,13.0],
"shade": true,
"faces": {
"up": {"uv": [ 6.4, 3.0, 14.0, 13.0 ],"texture":"#4"},
"down": {"uv": [ 6.4, 3.0, 14.0, 13.0 ],"texture":"#4"},
"north": {"uv": [ 6.4, 7.4, 14.0, 15.0 ],"texture":"#4"},
"south": {"uv": [ 6.4, 7.4, 14.0, 15.0 ],"texture":"#4"},
"west": {"uv": [ 3.0, 7.4, 13.0, 15.0 ],"texture":"#4"},
"east": {"uv": [ 3.0, 7.4, 13.0, 15.0 ],"texture":"#4"}
}
},
{"from": [4.8,7.4,3.0],
"to": [6.4,15.0,13.0],
"shade": true,
"faces": {
"up": {"uv": [ 4.8, 3.0, 6.4, 13.0 ],"texture":"#5"},
"down": {"uv": [ 4.8, 3.0, 6.4, 13.0 ],"texture":"#5"},
"north": {"uv": [ 4.8, 7.4, 6.4, 15.0 ],"texture":"#5"},
"south": {"uv": [ 4.8, 7.4, 6.4, 15.0 ],"texture":"#5"},
"west": {"uv": [ 3.0, 7.4, 13.0, 15.0 ],"texture":"#5"},
"east": {"uv": [ 3.0, 7.4, 13.0, 15.0 ],"texture":"#5"}
}
},
{"from": [6.4,4.8,6.4],
"to": [9.6,7.4,9.6],
"shade": false,
"faces": {
"up": {"uv": [ 6.4, 6.4, 9.6, 9.6 ],"texture":"#6"},
"down": {"uv": [ 6.4, 6.4, 9.6, 9.6 ],"texture":"#6"},
"north": {"uv": [ 6.4, 4.8, 9.6, 7.4 ],"texture":"#6"},
"south": {"uv": [ 6.4, 4.8, 9.6, 7.4 ],"texture":"#6"},
"west": {"uv": [ 6.4, 4.8, 9.6, 7.4 ],"texture":"#6"},
"east": {"uv": [ 6.4, 4.8, 9.6, 7.4 ],"texture":"#6"}
}
},
{"from": [5.6,4.8,5.6],
"to": [10.4,5.6,10.4],
"shade": false,
"faces": {
"up": {"uv": [ 5.6, 5.6, 10.4, 10.4 ],"texture":"#6"},
"down": {"uv": [ 5.6, 5.6, 10.4, 10.4 ],"texture":"#6"},
"north": {"uv": [ 5.6, 4.8, 10.4, 5.6 ],"texture":"#6"},
"south": {"uv": [ 5.6, 4.8, 10.4, 5.6 ],"texture":"#6"},
"west": {"uv": [ 5.6, 4.8, 10.4, 5.6 ],"texture":"#6"},
"east": {"uv": [ 5.6, 4.8, 10.4, 5.6 ],"texture":"#6"}
}
}
]
}
