{
"textures":{
"particle":"blocks/torch"
},
"elements":[
{"from": [14.0,14.0,0.0],
"to": [16.0,16.0,16.0],
"shade": true,
"faces": {
"up": {"uv": [ 14.0, 0.0, 16.0, 16.0 ],"texture":"#1"},
"down": {"uv": [ 14.0, 0.0, 16.0, 16.0 ],"texture":"#1"},
"north": {"uv": [ 14.0, 14.0, 16.0, 16.0 ],"texture":"#1"},
"south": {"uv": [ 14.0, 14.0, 16.0, 16.0 ],"texture":"#1"},
"west": {"uv": [ 0.0, 14.0, 16.0, 16.0 ],"texture":"#1"},
"east": {"uv": [ 0.0, 14.0, 16.0, 16.0 ],"texture":"#1"}
}
}
,
{"from": [15.0,1.0,0.0],
"to": [16.0,14.0,16.0016],
"shade": true,
"faces": {
"up": {"uv": [ 15.0, -0.0015999999999998238, 16.0, 16.0 ],"texture":"#2"},
"down": {"uv": [ 15.0, -0.0015999999999998238, 16.0, 16.0 ],"texture":"#2"},
"north": {"uv": [ 15.0, 1.0, 16.0, 14.0 ],"texture":"#2"},
"south": {"uv": [ 15.0, 1.0, 16.0, 14.0 ],"texture":"#2"},
"west": {"uv": [ -0.0015999999999998238, 1.0, 16.0, 14.0 ],"texture":"#2"},
"east": {"uv": [ -0.0015999999999998238, 1.0, 16.0, 14.0 ],"texture":"#2"}
}
}
,
{"from": [14.9984,3.0,-0.0016],
"to": [15.9984,5.0,1.0],
"shade": true,
"faces": {
"up": {"uv": [ 14.9984, -0.0016, 15.9984, 1.0 ],"texture":"#3"},
"down": {"uv": [ 14.9984, -0.0016, 15.9984, 1.0 ],"texture":"#3"},
"north": {"uv": [ 14.9984, 3.0, 15.9984, 5.0 ],"texture":"#3"},
"south": {"uv": [ 14.9984, 3.0, 15.9984, 5.0 ],"texture":"#3"},
"west": {"uv": [ -0.0016, 3.0, 1.0, 5.0 ],"texture":"#3"},
"east": {"uv": [ -0.0016, 3.0, 1.0, 5.0 ],"texture":"#3"}
}
}
,
{"from": [14.9984,3.0,15.0],
"to": [15.9984,5.0,16.0016],
"shade": true,
"faces": {
"up": {"uv": [ 14.9984, 14.9984, 15.9984, 16.0 ],"texture":"#3"},
"down": {"uv": [ 14.9984, 14.9984, 15.9984, 16.0 ],"texture":"#3"},
"north": {"uv": [ 14.9984, 3.0, 15.9984, 5.0 ],"texture":"#3"},
"south": {"uv": [ 14.9984, 3.0, 15.9984, 5.0 ],"texture":"#3"},
"west": {"uv": [ 14.9984, 3.0, 16.0, 5.0 ],"texture":"#3"},
"east": {"uv": [ 14.9984, 3.0, 16.0, 5.0 ],"texture":"#3"}
}
}
]
}
