{
"textures":{
"particle":"blocks/torch"
},
"elements":[
{"from": [14.0,14.0,0.0],
"to": [16.0,16.0,16.0],
"shade": true,
"faces": {
"up": {"uv": [ 14.0, 0.0, 16.0, 16.0 ],"texture":"#1"},
"down": {"uv": [ 14.0, 0.0, 16.0, 16.0 ],"texture":"#1"},
"north": {"uv": [ 14.0, 14.0, 16.0, 16.0 ],"texture":"#1"},
"south": {"uv": [ 14.0, 14.0, 16.0, 16.0 ],"texture":"#1"},
"west": {"uv": [ 0.0, 14.0, 16.0, 16.0 ],"texture":"#1"},
"east": {"uv": [ 0.0, 14.0, 16.0, 16.0 ],"texture":"#1"}
}
}
,
{"from": [15.0,2.0,0.0],
"to": [16.0,4.0,3.0],
"shade": true,
"faces": {
"up": {"uv": [ 15.0, 0.0, 16.0, 3.0 ],"texture":"#2"},
"down": {"uv": [ 15.0, 0.0, 16.0, 3.0 ],"texture":"#2"},
"north": {"uv": [ 15.0, 2.0, 16.0, 4.0 ],"texture":"#2"},
"south": {"uv": [ 15.0, 2.0, 16.0, 4.0 ],"texture":"#2"},
"west": {"uv": [ 0.0, 2.0, 3.0, 4.0 ],"texture":"#2"},
"east": {"uv": [ 0.0, 2.0, 3.0, 4.0 ],"texture":"#2"}
}
}
,
{"from": [15.0,5.0,0.0],
"to": [16.0,6.0,2.0],
"shade": true,
"faces": {
"up": {"uv": [ 15.0, 0.0, 16.0, 2.0 ],"texture":"#2"},
"down": {"uv": [ 15.0, 0.0, 16.0, 2.0 ],"texture":"#2"},
"north": {"uv": [ 15.0, 5.0, 16.0, 6.0 ],"texture":"#2"},
"south": {"uv": [ 15.0, 5.0, 16.0, 6.0 ],"texture":"#2"},
"west": {"uv": [ 0.0, 5.0, 2.0, 6.0 ],"texture":"#2"},
"east": {"uv": [ 0.0, 5.0, 2.0, 6.0 ],"texture":"#2"}
}
}
,
{"from": [15.0,6.0,0.0],
"to": [16.0,8.0,3.0],
"shade": true,
"faces": {
"up": {"uv": [ 15.0, 0.0, 16.0, 3.0 ],"texture":"#2"},
"down": {"uv": [ 15.0, 0.0, 16.0, 3.0 ],"texture":"#2"},
"north": {"uv": [ 15.0, 6.0, 16.0, 8.0 ],"texture":"#2"},
"south": {"uv": [ 15.0, 6.0, 16.0, 8.0 ],"texture":"#2"},
"west": {"uv": [ 0.0, 6.0, 3.0, 8.0 ],"texture":"#2"},
"east": {"uv": [ 0.0, 6.0, 3.0, 8.0 ],"texture":"#2"}
}
}
,
{"from": [15.0,8.0,0.0],
"to": [16.0,11.0,4.0],
"shade": true,
"faces": {
"up": {"uv": [ 15.0, 0.0, 16.0, 4.0 ],"texture":"#2"},
"down": {"uv": [ 15.0, 0.0, 16.0, 4.0 ],"texture":"#2"},
"north": {"uv": [ 15.0, 8.0, 16.0, 11.0 ],"texture":"#2"},
"south": {"uv": [ 15.0, 8.0, 16.0, 11.0 ],"texture":"#2"},
"west": {"uv": [ 0.0, 8.0, 4.0, 11.0 ],"texture":"#2"},
"east": {"uv": [ 0.0, 8.0, 4.0, 11.0 ],"texture":"#2"}
}
}
,
{"from": [15.0,11.0,0.0],
"to": [16.0,14.0,5.0],
"shade": true,
"faces": {
"up": {"uv": [ 15.0, 0.0, 16.0, 5.0 ],"texture":"#2"},
"down": {"uv": [ 15.0, 0.0, 16.0, 5.0 ],"texture":"#2"},
"north": {"uv": [ 15.0, 11.0, 16.0, 14.0 ],"texture":"#2"},
"south": {"uv": [ 15.0, 11.0, 16.0, 14.0 ],"texture":"#2"},
"west": {"uv": [ 0.0, 11.0, 5.0, 14.0 ],"texture":"#2"},
"east": {"uv": [ 0.0, 11.0, 5.0, 14.0 ],"texture":"#2"}
}
}
,
{"from": [15.0,2.0,13.0],
"to": [16.0,4.0,16.0],
"shade": true,
"faces": {
"up": {"uv": [ 15.0, 13.0, 16.0, 16.0 ],"texture":"#2"},
"down": {"uv": [ 15.0, 13.0, 16.0, 16.0 ],"texture":"#2"},
"north": {"uv": [ 15.0, 2.0, 16.0, 4.0 ],"texture":"#2"},
"south": {"uv": [ 15.0, 2.0, 16.0, 4.0 ],"texture":"#2"},
"west": {"uv": [ 13.0, 2.0, 16.0, 4.0 ],"texture":"#2"},
"east": {"uv": [ 13.0, 2.0, 16.0, 4.0 ],"texture":"#2"}
}
}
,
{"from": [15.0,5.0,14.0],
"to": [16.0,6.0,16.0],
"shade": true,
"faces": {
"up": {"uv": [ 15.0, 14.0, 16.0, 16.0 ],"texture":"#2"},
"down": {"uv": [ 15.0, 14.0, 16.0, 16.0 ],"texture":"#2"},
"north": {"uv": [ 15.0, 5.0, 16.0, 6.0 ],"texture":"#2"},
"south": {"uv": [ 15.0, 5.0, 16.0, 6.0 ],"texture":"#2"},
"west": {"uv": [ 14.0, 5.0, 16.0, 6.0 ],"texture":"#2"},
"east": {"uv": [ 14.0, 5.0, 16.0, 6.0 ],"texture":"#2"}
}
}
,
{"from": [15.0,6.0,13.0],
"to": [16.0,8.0,16.0],
"shade": true,
"faces": {
"up": {"uv": [ 15.0, 13.0, 16.0, 16.0 ],"texture":"#2"},
"down": {"uv": [ 15.0, 13.0, 16.0, 16.0 ],"texture":"#2"},
"north": {"uv": [ 15.0, 6.0, 16.0, 8.0 ],"texture":"#2"},
"south": {"uv": [ 15.0, 6.0, 16.0, 8.0 ],"texture":"#2"},
"west": {"uv": [ 13.0, 6.0, 16.0, 8.0 ],"texture":"#2"},
"east": {"uv": [ 13.0, 6.0, 16.0, 8.0 ],"texture":"#2"}
}
}
,
{"from": [15.0,8.0,12.0],
"to": [16.0,11.0,16.0],
"shade": true,
"faces": {
"up": {"uv": [ 15.0, 12.0, 16.0, 16.0 ],"texture":"#2"},
"down": {"uv": [ 15.0, 12.0, 16.0, 16.0 ],"texture":"#2"},
"north": {"uv": [ 15.0, 8.0, 16.0, 11.0 ],"texture":"#2"},
"south": {"uv": [ 15.0, 8.0, 16.0, 11.0 ],"texture":"#2"},
"west": {"uv": [ 12.0, 8.0, 16.0, 11.0 ],"texture":"#2"},
"east": {"uv": [ 12.0, 8.0, 16.0, 11.0 ],"texture":"#2"}
}
}
,
{"from": [15.0,11.0,11.0],
"to": [16.0,14.0,16.0],
"shade": true,
"faces": {
"up": {"uv": [ 15.0, 11.0, 16.0, 16.0 ],"texture":"#2"},
"down": {"uv": [ 15.0, 11.0, 16.0, 16.0 ],"texture":"#2"},
"north": {"uv": [ 15.0, 11.0, 16.0, 14.0 ],"texture":"#2"},
"south": {"uv": [ 15.0, 11.0, 16.0, 14.0 ],"texture":"#2"},
"west": {"uv": [ 11.0, 11.0, 16.0, 14.0 ],"texture":"#2"},
"east": {"uv": [ 11.0, 11.0, 16.0, 14.0 ],"texture":"#2"}
}
}
,
{"from": [14.9984,4.0,0.0],
"to": [15.9984,5.0,2.0],
"shade": true,
"faces": {
"up": {"uv": [ 14.9984, 0.0, 15.9984, 2.0 ],"texture":"#3"},
"down": {"uv": [ 14.9984, 0.0, 15.9984, 2.0 ],"texture":"#3"},
"north": {"uv": [ 14.9984, 4.0, 15.9984, 5.0 ],"texture":"#3"},
"south": {"uv": [ 14.9984, 4.0, 15.9984, 5.0 ],"texture":"#3"},
"west": {"uv": [ 0.0, 4.0, 2.0, 5.0 ],"texture":"#3"},
"east": {"uv": [ 0.0, 4.0, 2.0, 5.0 ],"texture":"#3"}
}
}
,
{"from": [14.9984,4.0,14.0],
"to": [15.9984,5.0,16.0],
"shade": true,
"faces": {
"up": {"uv": [ 14.9984, 14.0, 15.9984, 16.0 ],"texture":"#3"},
"down": {"uv": [ 14.9984, 14.0, 15.9984, 16.0 ],"texture":"#3"},
"north": {"uv": [ 14.9984, 4.0, 15.9984, 5.0 ],"texture":"#3"},
"south": {"uv": [ 14.9984, 4.0, 15.9984, 5.0 ],"texture":"#3"},
"west": {"uv": [ 14.0, 4.0, 16.0, 5.0 ],"texture":"#3"},
"east": {"uv": [ 14.0, 4.0, 16.0, 5.0 ],"texture":"#3"}
}
}
]
}
