{
"textures":{
"particle":"blocks/torch"
},
"elements":[
{"from": [2.0,0.0,1.0],
"to": [15.0,16.0,15.0],
"shade": true,
"faces": {
"up": {"uv": [ 2.0, 1.0, 15.0, 15.0 ],"texture":"#1"},
"down": {"uv": [ 2.0, 1.0, 15.0, 15.0 ],"texture":"#1"},
"north": {"uv": [ 2.0, 0.0, 15.0, 16.0 ],"texture":"#1"},
"south": {"uv": [ 2.0, 0.0, 15.0, 16.0 ],"texture":"#1"},
"west": {"uv": [ 1.0, 0.0, 15.0, 16.0 ],"texture":"#1"},
"east": {"uv": [ 1.0, 0.0, 15.0, 16.0 ],"texture":"#1"}
}
}
,
{"from": [1.0,1.0,1.0],
"to": [2.0,13.0,15.0],
"shade": true,
"faces": {
"up": {"uv": [ 1.0, 1.0, 2.0, 15.0 ],"texture":"#2"},
"down": {"uv": [ 1.0, 1.0, 2.0, 15.0 ],"texture":"#2"},
"north": {"uv": [ 1.0, 1.0, 2.0, 13.0 ],"texture":"#2"},
"south": {"uv": [ 1.0, 1.0, 2.0, 13.0 ],"texture":"#2"},
"west": {"uv": [ 1.0, 1.0, 15.0, 13.0 ],"texture":"#2"},
"east": {"uv": [ 1.0, 1.0, 15.0, 13.0 ],"texture":"#2"}
}
}
,
{"from": [1.0,14.0,13.0],
"to": [2.0,15.0,14.0],
"shade": true,
"faces": {
"up": {"uv": [ 1.0, 13.0, 2.0, 14.0 ],"texture":"#3"},
"down": {"uv": [ 1.0, 13.0, 2.0, 14.0 ],"texture":"#3"},
"north": {"uv": [ 1.0, 14.0, 2.0, 15.0 ],"texture":"#3"},
"south": {"uv": [ 1.0, 14.0, 2.0, 15.0 ],"texture":"#3"},
"west": {"uv": [ 13.0, 14.0, 14.0, 15.0 ],"texture":"#3"},
"east": {"uv": [ 13.0, 14.0, 14.0, 15.0 ],"texture":"#3"}
}
}
,
{"from": [1.0,14.0,11.0],
"to": [2.0,15.0,12.0],
"shade": true,
"faces": {
"up": {"uv": [ 1.0, 11.0, 2.0, 12.0 ],"texture":"#3"},
"down": {"uv": [ 1.0, 11.0, 2.0, 12.0 ],"texture":"#3"},
"north": {"uv": [ 1.0, 14.0, 2.0, 15.0 ],"texture":"#3"},
"south": {"uv": [ 1.0, 14.0, 2.0, 15.0 ],"texture":"#3"},
"west": {"uv": [ 11.0, 14.0, 12.0, 15.0 ],"texture":"#3"},
"east": {"uv": [ 11.0, 14.0, 12.0, 15.0 ],"texture":"#3"}
}
}
,
{"from": [1.0,14.0,2.0],
"to": [2.0,15.0,3.0],
"shade": true,
"faces": {
"up": {"uv": [ 1.0, 2.0, 2.0, 3.0 ],"texture":"#4"},
"down": {"uv": [ 1.0, 2.0, 2.0, 3.0 ],"texture":"#4"},
"north": {"uv": [ 1.0, 14.0, 2.0, 15.0 ],"texture":"#4"},
"south": {"uv": [ 1.0, 14.0, 2.0, 15.0 ],"texture":"#4"},
"west": {"uv": [ 2.0, 14.0, 3.0, 15.0 ],"texture":"#4"},
"east": {"uv": [ 2.0, 14.0, 3.0, 15.0 ],"texture":"#4"}
}
}
,
{"from": [0.0,11.0,6.0],
"to": [1.0,12.0,10.0],
"shade": true,
"faces": {
"up": {"uv": [ 0.0, 6.0, 1.0, 10.0 ],"texture":"#5"},
"down": {"uv": [ 0.0, 6.0, 1.0, 10.0 ],"texture":"#5"},
"north": {"uv": [ 0.0, 11.0, 1.0, 12.0 ],"texture":"#5"},
"south": {"uv": [ 0.0, 11.0, 1.0, 12.0 ],"texture":"#5"},
"west": {"uv": [ 6.0, 11.0, 10.0, 12.0 ],"texture":"#5"},
"east": {"uv": [ 6.0, 11.0, 10.0, 12.0 ],"texture":"#5"}
}
}
]
}
