{
"textures":{
"particle":"blocks/torch"
},
"elements":[
{"from": [6.4,14.0,6.4],
"to": [7.4,14.4,7.4],
"shade": false,
"faces": {
"up": {"uv": [ 6.4, 6.4, 7.4, 7.4 ],"texture":"#1"},
"down": {"uv": [ 6.4, 6.4, 7.4, 7.4 ],"texture":"#1"},
"north": {"uv": [ 6.4, 14.0, 7.4, 14.4 ],"texture":"#1"},
"south": {"uv": [ 6.4, 14.0, 7.4, 14.4 ],"texture":"#1"},
"west": {"uv": [ 6.4, 14.0, 7.4, 14.4 ],"texture":"#1"},
"east": {"uv": [ 6.4, 14.0, 7.4, 14.4 ],"texture":"#1"}
}
}
,
{"from": [6.4,14.0,6.4],
"to": [7.4,14.4,7.4],
"shade": false,
"faces": {
"up": {"uv": [ 6.4, 6.4, 7.4, 7.4 ],"texture":"#2"},
"down": {"uv": [ 6.4, 6.4, 7.4, 7.4 ],"texture":"#2"},
"north": {"uv": [ 6.4, 14.0, 7.4, 14.4 ],"texture":"#2"},
"south": {"uv": [ 6.4, 14.0, 7.4, 14.4 ],"texture":"#2"},
"west": {"uv": [ 6.4, 14.0, 7.4, 14.4 ],"texture":"#2"},
"east": {"uv": [ 6.4, 14.0, 7.4, 14.4 ],"texture":"#2"}
}
}
,
{"from": [5.6,15.0,5.6],
"to": [10.4,16.0,10.4],
"shade": false,
"faces": {
"up": {"uv": [ 5.6, 5.6, 10.4, 10.4 ],"texture":"#3"},
"down": {"uv": [ 5.6, 5.6, 10.4, 10.4 ],"texture":"#3"},
"north": {"uv": [ 5.6, 15.0, 10.4, 16.0 ],"texture":"#3"},
"south": {"uv": [ 5.6, 15.0, 10.4, 16.0 ],"texture":"#3"},
"west": {"uv": [ 5.6, 15.0, 10.4, 16.0 ],"texture":"#3"},
"east": {"uv": [ 5.6, 15.0, 10.4, 16.0 ],"texture":"#3"}
}
}
,
{"from": [6.08,14.4,6.08],
"to": [9.92,15.0,9.92],
"shade": false,
"faces": {
"up": {"uv": [ 6.08, 6.08, 9.92, 9.92 ],"texture":"#3"},
"down": {"uv": [ 6.08, 6.08, 9.92, 9.92 ],"texture":"#3"},
"north": {"uv": [ 6.08, 14.4, 9.92, 15.0 ],"texture":"#3"},
"south": {"uv": [ 6.08, 14.4, 9.92, 15.0 ],"texture":"#3"},
"west": {"uv": [ 6.08, 14.4, 9.92, 15.0 ],"texture":"#3"},
"east": {"uv": [ 6.08, 14.4, 9.92, 15.0 ],"texture":"#3"}
}
}
]
}
