{
"textures":{
"particle":"blocks/torch"
},
"elements":[
{"from": [1.0,0.0,1.0],
"to": [15.0,16.0,15.0],
"shade": true,
"faces": {
"up": {"uv": [ 1.0, 1.0, 15.0, 15.0 ],"texture":"#1"},
"down": {"uv": [ 1.0, 1.0, 15.0, 15.0 ],"texture":"#1"},
"north": {"uv": [ 1.0, 0.0, 15.0, 16.0 ],"texture":"#1"},
"south": {"uv": [ 1.0, 0.0, 15.0, 16.0 ],"texture":"#1"},
"west": {"uv": [ 1.0, 0.0, 15.0, 16.0 ],"texture":"#1"},
"east": {"uv": [ 1.0, 0.0, 15.0, 16.0 ],"texture":"#1"}
}
}
,
{"from": [0.0,8.0,2.0],
"to": [1.0,14.0,3.0],
"shade": true,
"faces": {
"up": {"uv": [ 0.0, 2.0, 1.0, 3.0 ],"texture":"#2"},
"down": {"uv": [ 0.0, 2.0, 1.0, 3.0 ],"texture":"#2"},
"north": {"uv": [ 0.0, 8.0, 1.0, 14.0 ],"texture":"#2"},
"south": {"uv": [ 0.0, 8.0, 1.0, 14.0 ],"texture":"#2"},
"west": {"uv": [ 2.0, 8.0, 3.0, 14.0 ],"texture":"#2"},
"east": {"uv": [ 2.0, 8.0, 3.0, 14.0 ],"texture":"#2"}
}
}
,
{"from": [0.0,8.0,3.0],
"to": [1.0,9.0,4.0],
"shade": true,
"faces": {
"up": {"uv": [ 0.0, 3.0, 1.0, 4.0 ],"texture":"#2"},
"down": {"uv": [ 0.0, 3.0, 1.0, 4.0 ],"texture":"#2"},
"north": {"uv": [ 0.0, 8.0, 1.0, 9.0 ],"texture":"#2"},
"south": {"uv": [ 0.0, 8.0, 1.0, 9.0 ],"texture":"#2"},
"west": {"uv": [ 3.0, 8.0, 4.0, 9.0 ],"texture":"#2"},
"east": {"uv": [ 3.0, 8.0, 4.0, 9.0 ],"texture":"#2"}
}
}
,
{"from": [0.0,13.0,3.0],
"to": [1.0,14.0,4.0],
"shade": true,
"faces": {
"up": {"uv": [ 0.0, 3.0, 1.0, 4.0 ],"texture":"#2"},
"down": {"uv": [ 0.0, 3.0, 1.0, 4.0 ],"texture":"#2"},
"north": {"uv": [ 0.0, 13.0, 1.0, 14.0 ],"texture":"#2"},
"south": {"uv": [ 0.0, 13.0, 1.0, 14.0 ],"texture":"#2"},
"west": {"uv": [ 3.0, 13.0, 4.0, 14.0 ],"texture":"#2"},
"east": {"uv": [ 3.0, 13.0, 4.0, 14.0 ],"texture":"#2"}
}
}
,
{"from": [15.0,1.0,3.0],
"to": [16.0,5.0,13.0],
"shade": true,
"faces": {
"up": {"uv": [ 15.0, 3.0, 16.0, 13.0 ],"texture":"#3"},
"down": {"uv": [ 15.0, 3.0, 16.0, 13.0 ],"texture":"#3"},
"north": {"uv": [ 15.0, 1.0, 16.0, 5.0 ],"texture":"#3"},
"south": {"uv": [ 15.0, 1.0, 16.0, 5.0 ],"texture":"#3"},
"west": {"uv": [ 3.0, 1.0, 13.0, 5.0 ],"texture":"#3"},
"east": {"uv": [ 3.0, 1.0, 13.0, 5.0 ],"texture":"#3"}
}
}
,
{"from": [15.0,15.0,12.0],
"to": [15.5,16.0,13.0],
"shade": true,
"faces": {
"up": {"uv": [ 15.0, 12.0, 15.5, 13.0 ],"texture":"#3"},
"down": {"uv": [ 15.0, 12.0, 15.5, 13.0 ],"texture":"#3"},
"north": {"uv": [ 15.0, 15.0, 15.5, 16.0 ],"texture":"#3"},
"south": {"uv": [ 15.0, 15.0, 15.5, 16.0 ],"texture":"#3"},
"west": {"uv": [ 12.0, 15.0, 13.0, 16.0 ],"texture":"#3"},
"east": {"uv": [ 12.0, 15.0, 13.0, 16.0 ],"texture":"#3"}
}
}
,
{"from": [15.0,5.0,3.0],
"to": [15.5,6.0,4.0],
"shade": true,
"faces": {
"up": {"uv": [ 15.0, 3.0, 15.5, 4.0 ],"texture":"#3"},
"down": {"uv": [ 15.0, 3.0, 15.5, 4.0 ],"texture":"#3"},
"north": {"uv": [ 15.0, 5.0, 15.5, 6.0 ],"texture":"#3"},
"south": {"uv": [ 15.0, 5.0, 15.5, 6.0 ],"texture":"#3"},
"west": {"uv": [ 3.0, 5.0, 4.0, 6.0 ],"texture":"#3"},
"east": {"uv": [ 3.0, 5.0, 4.0, 6.0 ],"texture":"#3"}
}
}
,
{"from": [15.0,9.0,3.0],
"to": [15.5,10.0,4.0],
"shade": true,
"faces": {
"up": {"uv": [ 15.0, 3.0, 15.5, 4.0 ],"texture":"#3"},
"down": {"uv": [ 15.0, 3.0, 15.5, 4.0 ],"texture":"#3"},
"north": {"uv": [ 15.0, 9.0, 15.5, 10.0 ],"texture":"#3"},
"south": {"uv": [ 15.0, 9.0, 15.5, 10.0 ],"texture":"#3"},
"west": {"uv": [ 3.0, 9.0, 4.0, 10.0 ],"texture":"#3"},
"east": {"uv": [ 3.0, 9.0, 4.0, 10.0 ],"texture":"#3"}
}
}
,
{"from": [15.0,13.0,3.0],
"to": [15.5,14.0,4.0],
"shade": true,
"faces": {
"up": {"uv": [ 15.0, 3.0, 15.5, 4.0 ],"texture":"#3"},
"down": {"uv": [ 15.0, 3.0, 15.5, 4.0 ],"texture":"#3"},
"north": {"uv": [ 15.0, 13.0, 15.5, 14.0 ],"texture":"#3"},
"south": {"uv": [ 15.0, 13.0, 15.5, 14.0 ],"texture":"#3"},
"west": {"uv": [ 3.0, 13.0, 4.0, 14.0 ],"texture":"#3"},
"east": {"uv": [ 3.0, 13.0, 4.0, 14.0 ],"texture":"#3"}
}
}
,
{"from": [15.0,7.0,12.0],
"to": [15.5,8.0,13.0],
"shade": true,
"faces": {
"up": {"uv": [ 15.0, 12.0, 15.5, 13.0 ],"texture":"#3"},
"down": {"uv": [ 15.0, 12.0, 15.5, 13.0 ],"texture":"#3"},
"north": {"uv": [ 15.0, 7.0, 15.5, 8.0 ],"texture":"#3"},
"south": {"uv": [ 15.0, 7.0, 15.5, 8.0 ],"texture":"#3"},
"west": {"uv": [ 12.0, 7.0, 13.0, 8.0 ],"texture":"#3"},
"east": {"uv": [ 12.0, 7.0, 13.0, 8.0 ],"texture":"#3"}
}
}
,
{"from": [15.0,11.0,12.0],
"to": [15.5,12.0,13.0],
"shade": true,
"faces": {
"up": {"uv": [ 15.0, 12.0, 15.5, 13.0 ],"texture":"#3"},
"down": {"uv": [ 15.0, 12.0, 15.5, 13.0 ],"texture":"#3"},
"north": {"uv": [ 15.0, 11.0, 15.5, 12.0 ],"texture":"#3"},
"south": {"uv": [ 15.0, 11.0, 15.5, 12.0 ],"texture":"#3"},
"west": {"uv": [ 12.0, 11.0, 13.0, 12.0 ],"texture":"#3"},
"east": {"uv": [ 12.0, 11.0, 13.0, 12.0 ],"texture":"#3"}
}
}
,
{"from": [15.0,6.0,3.0],
"to": [15.5,7.0,13.0],
"shade": true,
"faces": {
"up": {"uv": [ 15.0, 3.0, 15.5, 13.0 ],"texture":"#3"},
"down": {"uv": [ 15.0, 3.0, 15.5, 13.0 ],"texture":"#3"},
"north": {"uv": [ 15.0, 6.0, 15.5, 7.0 ],"texture":"#3"},
"south": {"uv": [ 15.0, 6.0, 15.5, 7.0 ],"texture":"#3"},
"west": {"uv": [ 3.0, 6.0, 13.0, 7.0 ],"texture":"#3"},
"east": {"uv": [ 3.0, 6.0, 13.0, 7.0 ],"texture":"#3"}
}
}
,
{"from": [15.0,8.0,3.0],
"to": [15.5,9.0,13.0],
"shade": true,
"faces": {
"up": {"uv": [ 15.0, 3.0, 15.5, 13.0 ],"texture":"#3"},
"down": {"uv": [ 15.0, 3.0, 15.5, 13.0 ],"texture":"#3"},
"north": {"uv": [ 15.0, 8.0, 15.5, 9.0 ],"texture":"#3"},
"south": {"uv": [ 15.0, 8.0, 15.5, 9.0 ],"texture":"#3"},
"west": {"uv": [ 3.0, 8.0, 13.0, 9.0 ],"texture":"#3"},
"east": {"uv": [ 3.0, 8.0, 13.0, 9.0 ],"texture":"#3"}
}
}
,
{"from": [15.0,10.0,3.0],
"to": [15.5,11.0,13.0],
"shade": true,
"faces": {
"up": {"uv": [ 15.0, 3.0, 15.5, 13.0 ],"texture":"#3"},
"down": {"uv": [ 15.0, 3.0, 15.5, 13.0 ],"texture":"#3"},
"north": {"uv": [ 15.0, 10.0, 15.5, 11.0 ],"texture":"#3"},
"south": {"uv": [ 15.0, 10.0, 15.5, 11.0 ],"texture":"#3"},
"west": {"uv": [ 3.0, 10.0, 13.0, 11.0 ],"texture":"#3"},
"east": {"uv": [ 3.0, 10.0, 13.0, 11.0 ],"texture":"#3"}
}
}
,
{"from": [15.0,12.0,3.0],
"to": [15.5,13.0,13.0],
"shade": true,
"faces": {
"up": {"uv": [ 15.0, 3.0, 15.5, 13.0 ],"texture":"#3"},
"down": {"uv": [ 15.0, 3.0, 15.5, 13.0 ],"texture":"#3"},
"north": {"uv": [ 15.0, 12.0, 15.5, 13.0 ],"texture":"#3"},
"south": {"uv": [ 15.0, 12.0, 15.5, 13.0 ],"texture":"#3"},
"west": {"uv": [ 3.0, 12.0, 13.0, 13.0 ],"texture":"#3"},
"east": {"uv": [ 3.0, 12.0, 13.0, 13.0 ],"texture":"#3"}
}
}
,
{"from": [15.0,14.0,3.0],
"to": [15.5,15.0,13.0],
"shade": true,
"faces": {
"up": {"uv": [ 15.0, 3.0, 15.5, 13.0 ],"texture":"#3"},
"down": {"uv": [ 15.0, 3.0, 15.5, 13.0 ],"texture":"#3"},
"north": {"uv": [ 15.0, 14.0, 15.5, 15.0 ],"texture":"#3"},
"south": {"uv": [ 15.0, 14.0, 15.5, 15.0 ],"texture":"#3"},
"west": {"uv": [ 3.0, 14.0, 13.0, 15.0 ],"texture":"#3"},
"east": {"uv": [ 3.0, 14.0, 13.0, 15.0 ],"texture":"#3"}
}
}
]
}
