{
"textures":{
"particle":"blocks/torch"
},
"elements":[
{"from": [4.8,13.6,4.8],
"to": [11.2,14.4,11.2],
"shade": false,
"faces": {
"up": {"uv": [ 4.8, 4.8, 11.2, 11.2 ],"texture":"#1"},
"down": {"uv": [ 4.8, 4.8, 11.2, 11.2 ],"texture":"#1"},
"north": {"uv": [ 4.8, 13.6, 11.2, 14.4 ],"texture":"#1"},
"south": {"uv": [ 4.8, 13.6, 11.2, 14.4 ],"texture":"#1"},
"west": {"uv": [ 4.8, 13.6, 11.2, 14.4 ],"texture":"#1"},
"east": {"uv": [ 4.8, 13.6, 11.2, 14.4 ],"texture":"#1"}
}
}
,
{"from": [3.2,12.8,3.2],
"to": [12.8,13.6,12.8],
"shade": false,
"faces": {
"up": {"uv": [ 3.2, 3.2, 12.8, 12.8 ],"texture":"#1"},
"down": {"uv": [ 3.2, 3.2, 12.8, 12.8 ],"texture":"#1"},
"north": {"uv": [ 3.2, 12.8, 12.8, 13.6 ],"texture":"#1"},
"south": {"uv": [ 3.2, 12.8, 12.8, 13.6 ],"texture":"#1"},
"west": {"uv": [ 3.2, 12.8, 12.8, 13.6 ],"texture":"#1"},
"east": {"uv": [ 3.2, 12.8, 12.8, 13.6 ],"texture":"#1"}
}
}
,
{"from": [2.4,11.2,2.4],
"to": [13.6,12.8,13.6],
"shade": false,
"faces": {
"up": {"uv": [ 2.4, 2.4, 13.6, 13.6 ],"texture":"#1"},
"down": {"uv": [ 2.4, 2.4, 13.6, 13.6 ],"texture":"#1"},
"north": {"uv": [ 2.4, 11.2, 13.6, 12.8 ],"texture":"#1"},
"south": {"uv": [ 2.4, 11.2, 13.6, 12.8 ],"texture":"#1"},
"west": {"uv": [ 2.4, 11.2, 13.6, 12.8 ],"texture":"#1"},
"east": {"uv": [ 2.4, 11.2, 13.6, 12.8 ],"texture":"#1"}
}
}
,
{"from": [1.6,8.0,1.6],
"to": [14.4,11.2,14.4],
"shade": false,
"faces": {
"up": {"uv": [ 1.6, 1.6, 14.4, 14.4 ],"texture":"#1"},
"down": {"uv": [ 1.6, 1.6, 14.4, 14.4 ],"texture":"#1"},
"north": {"uv": [ 1.6, 8.0, 14.4, 11.2 ],"texture":"#1"},
"south": {"uv": [ 1.6, 8.0, 14.4, 11.2 ],"texture":"#1"},
"west": {"uv": [ 1.6, 8.0, 14.4, 11.2 ],"texture":"#1"},
"east": {"uv": [ 1.6, 8.0, 14.4, 11.2 ],"texture":"#1"}
}
}
,
{"from": [7.2,0.0,7.2],
"to": [8.8,9.6,8.8],
"shade": false,
"faces": {
"up": {"uv": [ 7.2, 7.2, 8.8, 8.8 ],"texture":"#2"},
"down": {"uv": [ 7.2, 7.2, 8.8, 8.8 ],"texture":"#2"},
"north": {"uv": [ 7.2, 0.0, 8.8, 9.6 ],"texture":"#2"},
"south": {"uv": [ 7.2, 0.0, 8.8, 9.6 ],"texture":"#2"},
"west": {"uv": [ 7.2, 0.0, 8.8, 9.6 ],"texture":"#2"},
"east": {"uv": [ 7.2, 0.0, 8.8, 9.6 ],"texture":"#2"}
}
}
,
{"from": [4.0,0.0,4.0],
"to": [12.0,5.0,12.0],
"shade": false,
"faces": {
"up": {"uv": [ 4.0, 4.0, 12.0, 12.0 ],"texture":"#2"},
"down": {"uv": [ 4.0, 4.0, 12.0, 12.0 ],"texture":"#2"},
"north": {"uv": [ 4.0, 0.0, 12.0, 5.0 ],"texture":"#2"},
"south": {"uv": [ 4.0, 0.0, 12.0, 5.0 ],"texture":"#2"},
"west": {"uv": [ 4.0, 0.0, 12.0, 5.0 ],"texture":"#2"},
"east": {"uv": [ 4.0, 0.0, 12.0, 5.0 ],"texture":"#2"}
}
}
]
}
