{
"textures":{
"particle":"blocks/torch"
},
"elements":[
{"from": [7.0,0.0,7.0],
"to": [9.0,12.8,9.0],
"shade": false,
"faces": {
"up": {"uv": [ 7.0, 7.0, 9.0, 9.0 ],"texture":"#1"},
"down": {"uv": [ 7.0, 7.0, 9.0, 9.0 ],"texture":"#1"},
"north": {"uv": [ 7.0, 0.0, 9.0, 12.8 ],"texture":"#1"},
"south": {"uv": [ 7.0, 0.0, 9.0, 12.8 ],"texture":"#1"},
"west": {"uv": [ 7.0, 0.0, 9.0, 12.8 ],"texture":"#1"},
"east": {"uv": [ 7.0, 0.0, 9.0, 12.8 ],"texture":"#1"}
}
}
,
{"from": [4.0,13.8,4.0],
"to": [12.0,18.56,5.0],
"shade": true,
"faces": {
"up": {"uv": [ 4.0, 4.0, 12.0, 5.0 ],"texture":"#1"},
"down": {"uv": [ 4.0, 4.0, 12.0, 5.0 ],"texture":"#1"},
"north": {"uv": [ 4.0, 11.240000000000002, 12.0, 16.0 ],"texture":"#1"},
"south": {"uv": [ 4.0, 11.240000000000002, 12.0, 16.0 ],"texture":"#1"},
"west": {"uv": [ 4.0, 11.240000000000002, 5.0, 16.0 ],"texture":"#1"},
"east": {"uv": [ 4.0, 11.240000000000002, 5.0, 16.0 ],"texture":"#1"}
}
}
,
{"from": [4.0,13.8,11.0],
"to": [12.0,18.56,12.0],
"shade": true,
"faces": {
"up": {"uv": [ 4.0, 11.0, 12.0, 12.0 ],"texture":"#1"},
"down": {"uv": [ 4.0, 11.0, 12.0, 12.0 ],"texture":"#1"},
"north": {"uv": [ 4.0, 11.240000000000002, 12.0, 16.0 ],"texture":"#1"},
"south": {"uv": [ 4.0, 11.240000000000002, 12.0, 16.0 ],"texture":"#1"},
"west": {"uv": [ 11.0, 11.240000000000002, 12.0, 16.0 ],"texture":"#1"},
"east": {"uv": [ 11.0, 11.240000000000002, 12.0, 16.0 ],"texture":"#1"}
}
}
,
{"from": [11.0,13.8,5.0],
"to": [12.0,18.56,11.0],
"shade": true,
"faces": {
"up": {"uv": [ 11.0, 5.0, 12.0, 11.0 ],"texture":"#1"},
"down": {"uv": [ 11.0, 5.0, 12.0, 11.0 ],"texture":"#1"},
"north": {"uv": [ 11.0, 11.240000000000002, 12.0, 16.0 ],"texture":"#1"},
"south": {"uv": [ 11.0, 11.240000000000002, 12.0, 16.0 ],"texture":"#1"},
"west": {"uv": [ 5.0, 11.240000000000002, 11.0, 16.0 ],"texture":"#1"},
"east": {"uv": [ 5.0, 11.240000000000002, 11.0, 16.0 ],"texture":"#1"}
}
}
,
{"from": [4.0,13.8,5.0],
"to": [5.0,16.0,11.0],
"shade": true,
"faces": {
"up": {"uv": [ 4.0, 5.0, 5.0, 11.0 ],"texture":"#1"},
"down": {"uv": [ 4.0, 5.0, 5.0, 11.0 ],"texture":"#1"},
"north": {"uv": [ 4.0, 13.8, 5.0, 16.0 ],"texture":"#1"},
"south": {"uv": [ 4.0, 13.8, 5.0, 16.0 ],"texture":"#1"},
"west": {"uv": [ 5.0, 13.8, 11.0, 16.0 ],"texture":"#1"},
"east": {"uv": [ 5.0, 13.8, 11.0, 16.0 ],"texture":"#1"}
}
}
,
{"from": [4.0,12.8,4.0],
"to": [12.0,13.8,12.0],
"shade": false,
"faces": {
"up": {"uv": [ 4.0, 4.0, 12.0, 12.0 ],"texture":"#2"},
"down": {"uv": [ 4.0, 4.0, 12.0, 12.0 ],"texture":"#2"},
"north": {"uv": [ 4.0, 12.8, 12.0, 13.8 ],"texture":"#2"},
"south": {"uv": [ 4.0, 12.8, 12.0, 13.8 ],"texture":"#2"},
"west": {"uv": [ 4.0, 12.8, 12.0, 13.8 ],"texture":"#2"},
"east": {"uv": [ 4.0, 12.8, 12.0, 13.8 ],"texture":"#2"}
}
}
,
{"from": [3.0,17.6,3.0],
"to": [13.0,18.6,13.0],
"shade": true,
"faces": {
"up": {"uv": [ 3.0, 3.0, 13.0, 13.0 ],"texture":"#2"},
"down": {"uv": [ 3.0, 3.0, 13.0, 13.0 ],"texture":"#2"},
"north": {"uv": [ 3.0, 15.0, 13.0, 16.0 ],"texture":"#2"},
"south": {"uv": [ 3.0, 15.0, 13.0, 16.0 ],"texture":"#2"},
"west": {"uv": [ 3.0, 15.0, 13.0, 16.0 ],"texture":"#2"},
"east": {"uv": [ 3.0, 15.0, 13.0, 16.0 ],"texture":"#2"}
}
}
]
}
