{
"textures":{
"particle":"blocks/torch"
},
"elements":[
{"from": [4.0,0.0,1.0],
"to": [13.0,8.0,2.0],
"shade": true,
"faces": {
"up": {"uv": [ 4.0, 1.0, 13.0, 2.0 ],"texture":"#1"},
"down": {"uv": [ 4.0, 1.0, 13.0, 2.0 ],"texture":"#1"},
"north": {"uv": [ 4.0, 0.0, 13.0, 8.0 ],"texture":"#1"},
"south": {"uv": [ 4.0, 0.0, 13.0, 8.0 ],"texture":"#1"},
"west": {"uv": [ 1.0, 0.0, 2.0, 8.0 ],"texture":"#1"},
"east": {"uv": [ 1.0, 0.0, 2.0, 8.0 ],"texture":"#1"}
}
}
,
{"from": [4.0,0.0,2.0],
"to": [13.0,1.0,12.0],
"shade": true,
"faces": {
"up": {"uv": [ 4.0, 2.0, 13.0, 12.0 ],"texture":"#1"},
"down": {"uv": [ 4.0, 2.0, 13.0, 12.0 ],"texture":"#1"},
"north": {"uv": [ 4.0, 0.0, 13.0, 1.0 ],"texture":"#1"},
"south": {"uv": [ 4.0, 0.0, 13.0, 1.0 ],"texture":"#1"},
"west": {"uv": [ 2.0, 0.0, 12.0, 1.0 ],"texture":"#1"},
"east": {"uv": [ 2.0, 0.0, 12.0, 1.0 ],"texture":"#1"}
}
}
,
{"from": [4.0,7.0,2.0],
"to": [13.0,8.0,12.0],
"shade": true,
"faces": {
"up": {"uv": [ 4.0, 2.0, 13.0, 12.0 ],"texture":"#1"},
"down": {"uv": [ 4.0, 2.0, 13.0, 12.0 ],"texture":"#1"},
"north": {"uv": [ 4.0, 7.0, 13.0, 8.0 ],"texture":"#1"},
"south": {"uv": [ 4.0, 7.0, 13.0, 8.0 ],"texture":"#1"},
"west": {"uv": [ 2.0, 7.0, 12.0, 8.0 ],"texture":"#1"},
"east": {"uv": [ 2.0, 7.0, 12.0, 8.0 ],"texture":"#1"}
}
}
,
{"from": [4.0,0.0,12.0],
"to": [13.0,8.0,15.0],
"shade": true,
"faces": {
"up": {"uv": [ 4.0, 12.0, 13.0, 15.0 ],"texture":"#1"},
"down": {"uv": [ 4.0, 12.0, 13.0, 15.0 ],"texture":"#1"},
"north": {"uv": [ 4.0, 0.0, 13.0, 8.0 ],"texture":"#1"},
"south": {"uv": [ 4.0, 0.0, 13.0, 8.0 ],"texture":"#1"},
"west": {"uv": [ 12.0, 0.0, 15.0, 8.0 ],"texture":"#1"},
"east": {"uv": [ 12.0, 0.0, 15.0, 8.0 ],"texture":"#1"}
}
}
,
{"from": [12.0,0.0,2.0],
"to": [13.0,8.0,12.0],
"shade": true,
"faces": {
"up": {"uv": [ 12.0, 2.0, 13.0, 12.0 ],"texture":"#1"},
"down": {"uv": [ 12.0, 2.0, 13.0, 12.0 ],"texture":"#1"},
"north": {"uv": [ 12.0, 0.0, 13.0, 8.0 ],"texture":"#1"},
"south": {"uv": [ 12.0, 0.0, 13.0, 8.0 ],"texture":"#1"},
"west": {"uv": [ 2.0, 0.0, 12.0, 8.0 ],"texture":"#1"},
"east": {"uv": [ 2.0, 0.0, 12.0, 8.0 ],"texture":"#1"}
}
}
,
{"from": [3.0,1.0,2.0],
"to": [4.0,2.0,11.0],
"shade": true,
"faces": {
"up": {"uv": [ 3.0, 2.0, 4.0, 11.0 ],"texture":"#1"},
"down": {"uv": [ 3.0, 2.0, 4.0, 11.0 ],"texture":"#1"},
"north": {"uv": [ 3.0, 1.0, 4.0, 2.0 ],"texture":"#1"},
"south": {"uv": [ 3.0, 1.0, 4.0, 2.0 ],"texture":"#1"},
"west": {"uv": [ 2.0, 1.0, 11.0, 2.0 ],"texture":"#1"},
"east": {"uv": [ 2.0, 1.0, 11.0, 2.0 ],"texture":"#1"}
}
}
,
{"from": [3.0,6.0,2.0],
"to": [4.0,7.0,11.0],
"shade": true,
"faces": {
"up": {"uv": [ 3.0, 2.0, 4.0, 11.0 ],"texture":"#1"},
"down": {"uv": [ 3.0, 2.0, 4.0, 11.0 ],"texture":"#1"},
"north": {"uv": [ 3.0, 6.0, 4.0, 7.0 ],"texture":"#1"},
"south": {"uv": [ 3.0, 6.0, 4.0, 7.0 ],"texture":"#1"},
"west": {"uv": [ 2.0, 6.0, 11.0, 7.0 ],"texture":"#1"},
"east": {"uv": [ 2.0, 6.0, 11.0, 7.0 ],"texture":"#1"}
}
}
,
{"from": [3.0,2.0,2.0],
"to": [4.0,6.0,3.0],
"shade": true,
"faces": {
"up": {"uv": [ 3.0, 2.0, 4.0, 3.0 ],"texture":"#1"},
"down": {"uv": [ 3.0, 2.0, 4.0, 3.0 ],"texture":"#1"},
"north": {"uv": [ 3.0, 2.0, 4.0, 6.0 ],"texture":"#1"},
"south": {"uv": [ 3.0, 2.0, 4.0, 6.0 ],"texture":"#1"},
"west": {"uv": [ 2.0, 2.0, 3.0, 6.0 ],"texture":"#1"},
"east": {"uv": [ 2.0, 2.0, 3.0, 6.0 ],"texture":"#1"}
}
}
,
{"from": [3.0,2.0,10.0],
"to": [4.0,6.0,11.0],
"shade": true,
"faces": {
"up": {"uv": [ 3.0, 10.0, 4.0, 11.0 ],"texture":"#1"},
"down": {"uv": [ 3.0, 10.0, 4.0, 11.0 ],"texture":"#1"},
"north": {"uv": [ 3.0, 2.0, 4.0, 6.0 ],"texture":"#1"},
"south": {"uv": [ 3.0, 2.0, 4.0, 6.0 ],"texture":"#1"},
"west": {"uv": [ 10.0, 2.0, 11.0, 6.0 ],"texture":"#1"},
"east": {"uv": [ 10.0, 2.0, 11.0, 6.0 ],"texture":"#1"}
}
}
,
{"from": [3.0,0.0,1.0],
"to": [4.0,1.0,12.0],
"shade": true,
"faces": {
"up": {"uv": [ 3.0, 1.0, 4.0, 12.0 ],"texture":"#2"},
"down": {"uv": [ 3.0, 1.0, 4.0, 12.0 ],"texture":"#2"},
"north": {"uv": [ 3.0, 0.0, 4.0, 1.0 ],"texture":"#2"},
"south": {"uv": [ 3.0, 0.0, 4.0, 1.0 ],"texture":"#2"},
"west": {"uv": [ 1.0, 0.0, 12.0, 1.0 ],"texture":"#2"},
"east": {"uv": [ 1.0, 0.0, 12.0, 1.0 ],"texture":"#2"}
}
}
,
{"from": [3.0,7.0,1.0],
"to": [4.0,8.0,12.0],
"shade": true,
"faces": {
"up": {"uv": [ 3.0, 1.0, 4.0, 12.0 ],"texture":"#2"},
"down": {"uv": [ 3.0, 1.0, 4.0, 12.0 ],"texture":"#2"},
"north": {"uv": [ 3.0, 7.0, 4.0, 8.0 ],"texture":"#2"},
"south": {"uv": [ 3.0, 7.0, 4.0, 8.0 ],"texture":"#2"},
"west": {"uv": [ 1.0, 7.0, 12.0, 8.0 ],"texture":"#2"},
"east": {"uv": [ 1.0, 7.0, 12.0, 8.0 ],"texture":"#2"}
}
}
,
{"from": [3.0,1.0,1.0],
"to": [4.0,7.0,2.0],
"shade": true,
"faces": {
"up": {"uv": [ 3.0, 1.0, 4.0, 2.0 ],"texture":"#2"},
"down": {"uv": [ 3.0, 1.0, 4.0, 2.0 ],"texture":"#2"},
"north": {"uv": [ 3.0, 1.0, 4.0, 7.0 ],"texture":"#2"},
"south": {"uv": [ 3.0, 1.0, 4.0, 7.0 ],"texture":"#2"},
"west": {"uv": [ 1.0, 1.0, 2.0, 7.0 ],"texture":"#2"},
"east": {"uv": [ 1.0, 1.0, 2.0, 7.0 ],"texture":"#2"}
}
}
,
{"from": [3.0,1.0,11.0],
"to": [4.0,7.0,12.0],
"shade": true,
"faces": {
"up": {"uv": [ 3.0, 11.0, 4.0, 12.0 ],"texture":"#2"},
"down": {"uv": [ 3.0, 11.0, 4.0, 12.0 ],"texture":"#2"},
"north": {"uv": [ 3.0, 1.0, 4.0, 7.0 ],"texture":"#2"},
"south": {"uv": [ 3.0, 1.0, 4.0, 7.0 ],"texture":"#2"},
"west": {"uv": [ 11.0, 1.0, 12.0, 7.0 ],"texture":"#2"},
"east": {"uv": [ 11.0, 1.0, 12.0, 7.0 ],"texture":"#2"}
}
}
,
{"from": [3.0,0.0,12.5],
"to": [4.0,8.0,15.0],
"shade": true,
"faces": {
"up": {"uv": [ 3.0, 12.5, 4.0, 15.0 ],"texture":"#3"},
"down": {"uv": [ 3.0, 12.5, 4.0, 15.0 ],"texture":"#3"},
"north": {"uv": [ 3.0, 0.0, 4.0, 8.0 ],"texture":"#3"},
"south": {"uv": [ 3.0, 0.0, 4.0, 8.0 ],"texture":"#3"},
"west": {"uv": [ 12.5, 0.0, 15.0, 8.0 ],"texture":"#3"},
"east": {"uv": [ 12.5, 0.0, 15.0, 8.0 ],"texture":"#3"}
}
}
,
{"from": [3.5,2.0,3.0],
"to": [3.5,6.0,10.0],
"shade": true,
"faces": {
"up": {"uv": [ 3.5, 3.0, 3.5, 10.0 ],"texture":"#4"},
"down": {"uv": [ 3.5, 3.0, 3.5, 10.0 ],"texture":"#4"},
"north": {"uv": [ 3.5, 2.0, 3.5, 6.0 ],"texture":"#4"},
"south": {"uv": [ 3.5, 2.0, 3.5, 6.0 ],"texture":"#4"},
"west": {"uv": [ 3.0, 2.0, 10.0, 6.0 ],"texture":"#4"},
"east": {"uv": [ 3.0, 2.0, 10.0, 6.0 ],"texture":"#4"}
}
}
,
{"from": [4.25,1.0,3.0],
"to": [10.0,2.0,10.25],
"shade": true,
"faces": {
"up": {"uv": [ 4.25, 3.0, 10.0, 10.25 ],"texture":"#5"},
"down": {"uv": [ 4.25, 3.0, 10.0, 10.25 ],"texture":"#5"},
"north": {"uv": [ 4.25, 1.0, 10.0, 2.0 ],"texture":"#5"},
"south": {"uv": [ 4.25, 1.0, 10.0, 2.0 ],"texture":"#5"},
"west": {"uv": [ 3.0, 1.0, 10.25, 2.0 ],"texture":"#5"},
"east": {"uv": [ 3.0, 1.0, 10.25, 2.0 ],"texture":"#5"}
}
}
]
}
