{
"textures":{
"particle":"blocks/torch"
},
"elements":[
{"from": [1.0,0.0,1.0],
"to": [15.0,16.0,15.0],
"shade": false,
"faces": {
"up": {"uv": [ 1.0, 1.0, 15.0, 15.0 ],"texture":"#1"},
"down": {"uv": [ 1.0, 1.0, 15.0, 15.0 ],"texture":"#1"},
"north": {"uv": [ 1.0, 0.0, 15.0, 16.0 ],"texture":"#1"},
"south": {"uv": [ 1.0, 0.0, 15.0, 16.0 ],"texture":"#1"},
"west": {"uv": [ 1.0, 0.0, 15.0, 16.0 ],"texture":"#1"},
"east": {"uv": [ 1.0, 0.0, 15.0, 16.0 ],"texture":"#1"}
}
}
,
{"from": [3.0,8.0,3.0],
"to": [6.92,17.0,7.0],
"shade": false,
"faces": {
"up": {"uv": [ 3.0, 3.0, 6.92, 7.0 ],"texture":"#2"},
"down": {"uv": [ 3.0, 3.0, 6.92, 7.0 ],"texture":"#2"},
"north": {"uv": [ 3.0, 7.0, 6.92, 16.0 ],"texture":"#2"},
"south": {"uv": [ 3.0, 7.0, 6.92, 16.0 ],"texture":"#2"},
"west": {"uv": [ 3.0, 7.0, 7.0, 16.0 ],"texture":"#2"},
"east": {"uv": [ 3.0, 7.0, 7.0, 16.0 ],"texture":"#2"}
}
}
,
{"from": [3.0,8.0,9.0],
"to": [6.92,17.0,13.0],
"shade": false,
"faces": {
"up": {"uv": [ 3.0, 9.0, 6.92, 13.0 ],"texture":"#2"},
"down": {"uv": [ 3.0, 9.0, 6.92, 13.0 ],"texture":"#2"},
"north": {"uv": [ 3.0, 7.0, 6.92, 16.0 ],"texture":"#2"},
"south": {"uv": [ 3.0, 7.0, 6.92, 16.0 ],"texture":"#2"},
"west": {"uv": [ 9.0, 7.0, 13.0, 16.0 ],"texture":"#2"},
"east": {"uv": [ 9.0, 7.0, 13.0, 16.0 ],"texture":"#2"}
}
}
,
{"from": [9.0,8.0,3.0],
"to": [13.0,17.0,7.0],
"shade": false,
"faces": {
"up": {"uv": [ 9.0, 3.0, 13.0, 7.0 ],"texture":"#2"},
"down": {"uv": [ 9.0, 3.0, 13.0, 7.0 ],"texture":"#2"},
"north": {"uv": [ 9.0, 7.0, 13.0, 16.0 ],"texture":"#2"},
"south": {"uv": [ 9.0, 7.0, 13.0, 16.0 ],"texture":"#2"},
"west": {"uv": [ 3.0, 7.0, 7.0, 16.0 ],"texture":"#2"},
"east": {"uv": [ 3.0, 7.0, 7.0, 16.0 ],"texture":"#2"}
}
}
,
{"from": [9.0,8.0,9.0],
"to": [13.0,17.0,13.0],
"shade": false,
"faces": {
"up": {"uv": [ 9.0, 9.0, 13.0, 13.0 ],"texture":"#2"},
"down": {"uv": [ 9.0, 9.0, 13.0, 13.0 ],"texture":"#2"},
"north": {"uv": [ 9.0, 7.0, 13.0, 16.0 ],"texture":"#2"},
"south": {"uv": [ 9.0, 7.0, 13.0, 16.0 ],"texture":"#2"},
"west": {"uv": [ 9.0, 7.0, 13.0, 16.0 ],"texture":"#2"},
"east": {"uv": [ 9.0, 7.0, 13.0, 16.0 ],"texture":"#2"}
}
}
,
{"from": [14.0,0.0,0.9984],
"to": [16.0,19.0,15.0016],
"shade": true,
"faces": {
"up": {"uv": [ 14.0, 0.9984, 16.0, 15.0016 ],"texture":"#3"},
"down": {"uv": [ 14.0, 0.9984, 16.0, 15.0016 ],"texture":"#3"},
"north": {"uv": [ 14.0, -3.0, 16.0, 16.0 ],"texture":"#3"},
"south": {"uv": [ 14.0, -3.0, 16.0, 16.0 ],"texture":"#3"},
"west": {"uv": [ 0.9984, -3.0, 15.0016, 16.0 ],"texture":"#3"},
"east": {"uv": [ 0.9984, -3.0, 15.0016, 16.0 ],"texture":"#3"}
}
}
,
{"from": [0.0,3.2,3.2],
"to": [1.0,13.0,12.8],
"shade": true,
"faces": {
"up": {"uv": [ 0.0, 3.2, 1.0, 12.8 ],"texture":"#4"},
"down": {"uv": [ 0.0, 3.2, 1.0, 12.8 ],"texture":"#4"},
"north": {"uv": [ 0.0, 3.2, 1.0, 13.0 ],"texture":"#4"},
"south": {"uv": [ 0.0, 3.2, 1.0, 13.0 ],"texture":"#4"},
"west": {"uv": [ 3.2, 3.2, 12.8, 13.0 ],"texture":"#4"},
"east": {"uv": [ 3.2, 3.2, 12.8, 13.0 ],"texture":"#4"}
}
}
]
}
