{
"textures":{
"particle":"blocks/torch"
},
"elements":[
{"from": [5.5,0.0,5.5],
"to": [10.5,1.0,10.5],
"shade": true,
"faces": {
"up": {"uv": [ 5.5, 5.5, 10.5, 10.5 ],"texture":"#1"},
"down": {"uv": [ 5.5, 5.5, 10.5, 10.5 ],"texture":"#1"},
"north": {"uv": [ 5.5, 0.0, 10.5, 1.0 ],"texture":"#1"},
"south": {"uv": [ 5.5, 0.0, 10.5, 1.0 ],"texture":"#1"},
"west": {"uv": [ 5.5, 0.0, 10.5, 1.0 ],"texture":"#1"},
"east": {"uv": [ 5.5, 0.0, 10.5, 1.0 ],"texture":"#1"}
}
}
,
{"from": [4.5,0.5,3.5],
"to": [5.5,1.5,12.5],
"shade": true,
"faces": {
"up": {"uv": [ 4.5, 3.5, 5.5, 12.5 ],"texture":"#1"},
"down": {"uv": [ 4.5, 3.5, 5.5, 12.5 ],"texture":"#1"},
"north": {"uv": [ 4.5, 0.5, 5.5, 1.5 ],"texture":"#1"},
"south": {"uv": [ 4.5, 0.5, 5.5, 1.5 ],"texture":"#1"},
"west": {"uv": [ 3.5, 0.5, 12.5, 1.5 ],"texture":"#1"},
"east": {"uv": [ 3.5, 0.5, 12.5, 1.5 ],"texture":"#1"}
}
}
,
{"from": [10.5,0.5,3.5],
"to": [11.5,1.5,12.5],
"shade": true,
"faces": {
"up": {"uv": [ 10.5, 3.5, 11.5, 12.5 ],"texture":"#1"},
"down": {"uv": [ 10.5, 3.5, 11.5, 12.5 ],"texture":"#1"},
"north": {"uv": [ 10.5, 0.5, 11.5, 1.5 ],"texture":"#1"},
"south": {"uv": [ 10.5, 0.5, 11.5, 1.5 ],"texture":"#1"},
"west": {"uv": [ 3.5, 0.5, 12.5, 1.5 ],"texture":"#1"},
"east": {"uv": [ 3.5, 0.5, 12.5, 1.5 ],"texture":"#1"}
}
}
,
{"from": [11.5,0.5,4.5],
"to": [12.5,1.5,11.5],
"shade": true,
"faces": {
"up": {"uv": [ 11.5, 4.5, 12.5, 11.5 ],"texture":"#1"},
"down": {"uv": [ 11.5, 4.5, 12.5, 11.5 ],"texture":"#1"},
"north": {"uv": [ 11.5, 0.5, 12.5, 1.5 ],"texture":"#1"},
"south": {"uv": [ 11.5, 0.5, 12.5, 1.5 ],"texture":"#1"},
"west": {"uv": [ 4.5, 0.5, 11.5, 1.5 ],"texture":"#1"},
"east": {"uv": [ 4.5, 0.5, 11.5, 1.5 ],"texture":"#1"}
}
}
,
{"from": [3.5,0.5,4.5],
"to": [4.5,1.5,11.5],
"shade": true,
"faces": {
"up": {"uv": [ 3.5, 4.5, 4.5, 11.5 ],"texture":"#1"},
"down": {"uv": [ 3.5, 4.5, 4.5, 11.5 ],"texture":"#1"},
"north": {"uv": [ 3.5, 0.5, 4.5, 1.5 ],"texture":"#1"},
"south": {"uv": [ 3.5, 0.5, 4.5, 1.5 ],"texture":"#1"},
"west": {"uv": [ 4.5, 0.5, 11.5, 1.5 ],"texture":"#1"},
"east": {"uv": [ 4.5, 0.5, 11.5, 1.5 ],"texture":"#1"}
}
}
,
{"from": [5.5,0.5,3.5],
"to": [10.5,1.5,5.5],
"shade": true,
"faces": {
"up": {"uv": [ 5.5, 3.5, 10.5, 5.5 ],"texture":"#1"},
"down": {"uv": [ 5.5, 3.5, 10.5, 5.5 ],"texture":"#1"},
"north": {"uv": [ 5.5, 0.5, 10.5, 1.5 ],"texture":"#1"},
"south": {"uv": [ 5.5, 0.5, 10.5, 1.5 ],"texture":"#1"},
"west": {"uv": [ 3.5, 0.5, 5.5, 1.5 ],"texture":"#1"},
"east": {"uv": [ 3.5, 0.5, 5.5, 1.5 ],"texture":"#1"}
}
}
,
{"from": [5.5,0.5,10.5],
"to": [10.5,1.5,12.5],
"shade": true,
"faces": {
"up": {"uv": [ 5.5, 10.5, 10.5, 12.5 ],"texture":"#1"},
"down": {"uv": [ 5.5, 10.5, 10.5, 12.5 ],"texture":"#1"},
"north": {"uv": [ 5.5, 0.5, 10.5, 1.5 ],"texture":"#1"},
"south": {"uv": [ 5.5, 0.5, 10.5, 1.5 ],"texture":"#1"},
"west": {"uv": [ 10.5, 0.5, 12.5, 1.5 ],"texture":"#1"},
"east": {"uv": [ 10.5, 0.5, 12.5, 1.5 ],"texture":"#1"}
}
}
]
}
