{
"textures":{
"particle":"blocks/torch"
},
"elements":[
{"from": [4.8,0.0,1.0],
"to": [12.8,6.4,15.0],
"shade": true,
"faces": {
"up": {"uv": [ 4.8, 1.0, 12.8, 15.0 ],"texture":"#1"},
"down": {"uv": [ 4.8, 1.0, 12.8, 15.0 ],"texture":"#1"},
"north": {"uv": [ 4.8, 0.0, 12.8, 6.4 ],"texture":"#1"},
"south": {"uv": [ 4.8, 0.0, 12.8, 6.4 ],"texture":"#1"},
"west": {"uv": [ 1.0, 0.0, 15.0, 6.4 ],"texture":"#1"},
"east": {"uv": [ 1.0, 0.0, 15.0, 6.4 ],"texture":"#1"}
}
}
,
{"from": [15.0,1.0,3.0],
"to": [16.0,9.6,13.0],
"shade": true,
"faces": {
"up": {"uv": [ 15.0, 3.0, 16.0, 13.0 ],"texture":"#2"},
"down": {"uv": [ 15.0, 3.0, 16.0, 13.0 ],"texture":"#2"},
"north": {"uv": [ 15.0, 1.0, 16.0, 9.6 ],"texture":"#2"},
"south": {"uv": [ 15.0, 1.0, 16.0, 9.6 ],"texture":"#2"},
"west": {"uv": [ 3.0, 1.0, 13.0, 9.6 ],"texture":"#2"},
"east": {"uv": [ 3.0, 1.0, 13.0, 9.6 ],"texture":"#2"}
}
}
,
{"from": [13.4,0.0,4.5],
"to": [14.4,1.0,11.5],
"shade": true,
"faces": {
"up": {"uv": [ 13.4, 4.5, 14.4, 11.5 ],"texture":"#2"},
"down": {"uv": [ 13.4, 4.5, 14.4, 11.5 ],"texture":"#2"},
"north": {"uv": [ 13.4, 0.0, 14.4, 1.0 ],"texture":"#2"},
"south": {"uv": [ 13.4, 0.0, 14.4, 1.0 ],"texture":"#2"},
"west": {"uv": [ 4.5, 0.0, 11.5, 1.0 ],"texture":"#2"},
"east": {"uv": [ 4.5, 0.0, 11.5, 1.0 ],"texture":"#2"}
}
}
,
{"from": [0.0,1.0,3.0],
"to": [4.8,2.0,13.0],
"shade": true,
"faces": {
"up": {"uv": [ 0.0, 3.0, 4.8, 13.0 ],"texture":"#2"},
"down": {"uv": [ 0.0, 3.0, 4.8, 13.0 ],"texture":"#2"},
"north": {"uv": [ 0.0, 1.0, 4.8, 2.0 ],"texture":"#2"},
"south": {"uv": [ 0.0, 1.0, 4.8, 2.0 ],"texture":"#2"},
"west": {"uv": [ 3.0, 1.0, 13.0, 2.0 ],"texture":"#2"},
"east": {"uv": [ 3.0, 1.0, 13.0, 2.0 ],"texture":"#2"}
}
}
,
{"from": [12.8,1.0,3.0],
"to": [15.0,6.4,4.0],
"shade": true,
"faces": {
"up": {"uv": [ 12.8, 3.0, 15.0, 4.0 ],"texture":"#2"},
"down": {"uv": [ 12.8, 3.0, 15.0, 4.0 ],"texture":"#2"},
"north": {"uv": [ 12.8, 1.0, 15.0, 6.4 ],"texture":"#2"},
"south": {"uv": [ 12.8, 1.0, 15.0, 6.4 ],"texture":"#2"},
"west": {"uv": [ 3.0, 1.0, 4.0, 6.4 ],"texture":"#2"},
"east": {"uv": [ 3.0, 1.0, 4.0, 6.4 ],"texture":"#2"}
}
}
,
{"from": [12.8,1.0,12.0],
"to": [15.0,6.4,13.0],
"shade": true,
"faces": {
"up": {"uv": [ 12.8, 12.0, 15.0, 13.0 ],"texture":"#2"},
"down": {"uv": [ 12.8, 12.0, 15.0, 13.0 ],"texture":"#2"},
"north": {"uv": [ 12.8, 1.0, 15.0, 6.4 ],"texture":"#2"},
"south": {"uv": [ 12.8, 1.0, 15.0, 6.4 ],"texture":"#2"},
"west": {"uv": [ 12.0, 1.0, 13.0, 6.4 ],"texture":"#2"},
"east": {"uv": [ 12.0, 1.0, 13.0, 6.4 ],"texture":"#2"}
}
}
,
{"from": [13.4,1.0,4.5],
"to": [14.4,11.2,11.5],
"shade": true,
"faces": {
"up": {"uv": [ 13.4, 4.5, 14.4, 11.5 ],"texture":"#3"},
"down": {"uv": [ 13.4, 4.5, 14.4, 11.5 ],"texture":"#3"},
"north": {"uv": [ 13.4, 1.0, 14.4, 11.2 ],"texture":"#3"},
"south": {"uv": [ 13.4, 1.0, 14.4, 11.2 ],"texture":"#3"},
"west": {"uv": [ 4.5, 1.0, 11.5, 11.2 ],"texture":"#3"},
"east": {"uv": [ 4.5, 1.0, 11.5, 11.2 ],"texture":"#3"}
}
}
]
}
