{
"textures":{
"particle":"blocks/torch"
},
"elements":[
{"from": [0.0,0.4,0.0],
"to": [16.0,3.2,16.0],
"shade": false,
"faces": {
"up": {"uv": [ 0.0, 0.0, 16.0, 16.0 ],"texture":"#1"},
"down": {"uv": [ 0.0, 0.0, 16.0, 16.0 ],"texture":"#1"},
"north": {"uv": [ 0.0, 0.4, 16.0, 3.2 ],"texture":"#1"},
"south": {"uv": [ 0.0, 0.4, 16.0, 3.2 ],"texture":"#1"},
"west": {"uv": [ 0.0, 0.4, 16.0, 3.2 ],"texture":"#1"},
"east": {"uv": [ 0.0, 0.4, 16.0, 3.2 ],"texture":"#1"}
}
}
,
{"from": [8.0,3.2,3.2],
"to": [16.0,16.0,12.8],
"shade": true,
"faces": {
"up": {"uv": [ 8.0, 3.2, 16.0, 12.8 ],"texture":"#1"},
"down": {"uv": [ 8.0, 3.2, 16.0, 12.8 ],"texture":"#1"},
"north": {"uv": [ 8.0, 3.2, 16.0, 16.0 ],"texture":"#1"},
"south": {"uv": [ 8.0, 3.2, 16.0, 16.0 ],"texture":"#1"},
"west": {"uv": [ 3.2, 3.2, 12.8, 16.0 ],"texture":"#1"},
"east": {"uv": [ 3.2, 3.2, 12.8, 16.0 ],"texture":"#1"}
}
}
,
{"from": [0.0,3.2,0.0],
"to": [16.0,4.0,16.0],
"shade": false,
"faces": {
"up": {"uv": [ 0.0, 0.0, 16.0, 16.0 ],"texture":"#2"},
"down": {"uv": [ 0.0, 0.0, 16.0, 16.0 ],"texture":"#2"},
"north": {"uv": [ 0.0, 3.2, 16.0, 4.0 ],"texture":"#2"},
"south": {"uv": [ 0.0, 3.2, 16.0, 4.0 ],"texture":"#2"},
"west": {"uv": [ 0.0, 3.2, 16.0, 4.0 ],"texture":"#2"},
"east": {"uv": [ 0.0, 3.2, 16.0, 4.0 ],"texture":"#2"}
}
}
,
{"from": [1.6,0.0,2.0],
"to": [7.0,0.8,3.0],
"shade": true,
"faces": {
"up": {"uv": [ 1.6, 2.0, 7.0, 3.0 ],"texture":"#2"},
"down": {"uv": [ 1.6, 2.0, 7.0, 3.0 ],"texture":"#2"},
"north": {"uv": [ 1.6, 0.0, 7.0, 0.8 ],"texture":"#2"},
"south": {"uv": [ 1.6, 0.0, 7.0, 0.8 ],"texture":"#2"},
"west": {"uv": [ 2.0, 0.0, 3.0, 0.8 ],"texture":"#2"},
"east": {"uv": [ 2.0, 0.0, 3.0, 0.8 ],"texture":"#2"}
}
}
,
{"from": [1.6,0.0,4.0],
"to": [7.0,0.8,5.0],
"shade": true,
"faces": {
"up": {"uv": [ 1.6, 4.0, 7.0, 5.0 ],"texture":"#2"},
"down": {"uv": [ 1.6, 4.0, 7.0, 5.0 ],"texture":"#2"},
"north": {"uv": [ 1.6, 0.0, 7.0, 0.8 ],"texture":"#2"},
"south": {"uv": [ 1.6, 0.0, 7.0, 0.8 ],"texture":"#2"},
"west": {"uv": [ 4.0, 0.0, 5.0, 0.8 ],"texture":"#2"},
"east": {"uv": [ 4.0, 0.0, 5.0, 0.8 ],"texture":"#2"}
}
}
,
{"from": [1.6,0.0,6.0],
"to": [7.0,0.8,7.0],
"shade": true,
"faces": {
"up": {"uv": [ 1.6, 6.0, 7.0, 7.0 ],"texture":"#2"},
"down": {"uv": [ 1.6, 6.0, 7.0, 7.0 ],"texture":"#2"},
"north": {"uv": [ 1.6, 0.0, 7.0, 0.8 ],"texture":"#2"},
"south": {"uv": [ 1.6, 0.0, 7.0, 0.8 ],"texture":"#2"},
"west": {"uv": [ 6.0, 0.0, 7.0, 0.8 ],"texture":"#2"},
"east": {"uv": [ 6.0, 0.0, 7.0, 0.8 ],"texture":"#2"}
}
}
,
{"from": [1.6,0.0,9.0],
"to": [7.0,0.8,10.0],
"shade": true,
"faces": {
"up": {"uv": [ 1.6, 9.0, 7.0, 10.0 ],"texture":"#2"},
"down": {"uv": [ 1.6, 9.0, 7.0, 10.0 ],"texture":"#2"},
"north": {"uv": [ 1.6, 0.0, 7.0, 0.8 ],"texture":"#2"},
"south": {"uv": [ 1.6, 0.0, 7.0, 0.8 ],"texture":"#2"},
"west": {"uv": [ 9.0, 0.0, 10.0, 0.8 ],"texture":"#2"},
"east": {"uv": [ 9.0, 0.0, 10.0, 0.8 ],"texture":"#2"}
}
}
,
{"from": [1.6,0.0,11.0],
"to": [7.0,0.8,12.0],
"shade": true,
"faces": {
"up": {"uv": [ 1.6, 11.0, 7.0, 12.0 ],"texture":"#2"},
"down": {"uv": [ 1.6, 11.0, 7.0, 12.0 ],"texture":"#2"},
"north": {"uv": [ 1.6, 0.0, 7.0, 0.8 ],"texture":"#2"},
"south": {"uv": [ 1.6, 0.0, 7.0, 0.8 ],"texture":"#2"},
"west": {"uv": [ 11.0, 0.0, 12.0, 0.8 ],"texture":"#2"},
"east": {"uv": [ 11.0, 0.0, 12.0, 0.8 ],"texture":"#2"}
}
}
,
{"from": [1.6,0.0,13.0],
"to": [7.0,0.8,14.0],
"shade": true,
"faces": {
"up": {"uv": [ 1.6, 13.0, 7.0, 14.0 ],"texture":"#2"},
"down": {"uv": [ 1.6, 13.0, 7.0, 14.0 ],"texture":"#2"},
"north": {"uv": [ 1.6, 0.0, 7.0, 0.8 ],"texture":"#2"},
"south": {"uv": [ 1.6, 0.0, 7.0, 0.8 ],"texture":"#2"},
"west": {"uv": [ 13.0, 0.0, 14.0, 0.8 ],"texture":"#2"},
"east": {"uv": [ 13.0, 0.0, 14.0, 0.8 ],"texture":"#2"}
}
}
,
{"from": [9.0,0.0,1.6],
"to": [14.4,0.8,14.4],
"shade": true,
"faces": {
"up": {"uv": [ 9.0, 1.6, 14.4, 14.4 ],"texture":"#3"},
"down": {"uv": [ 9.0, 1.6, 14.4, 14.4 ],"texture":"#3"},
"north": {"uv": [ 9.0, 0.0, 14.4, 0.8 ],"texture":"#3"},
"south": {"uv": [ 9.0, 0.0, 14.4, 0.8 ],"texture":"#3"},
"west": {"uv": [ 1.6, 0.0, 14.4, 0.8 ],"texture":"#3"},
"east": {"uv": [ 1.6, 0.0, 14.4, 0.8 ],"texture":"#3"}
}
}
]
}
