{
"textures":{
"particle":"blocks/torch"
},
"elements":[
{"from": [7.2,5.6,7.2],
"to": [16.0,7.2,8.8],
"shade": true,
"faces": {
"up": {"uv": [ 7.2, 7.2, 16.0, 8.8 ],"texture":"#1"},
"down": {"uv": [ 7.2, 7.2, 16.0, 8.8 ],"texture":"#1"},
"north": {"uv": [ 7.2, 5.6, 16.0, 7.2 ],"texture":"#1"},
"south": {"uv": [ 7.2, 5.6, 16.0, 7.2 ],"texture":"#1"},
"west": {"uv": [ 7.2, 5.6, 8.8, 7.2 ],"texture":"#1"},
"east": {"uv": [ 7.2, 5.6, 8.8, 7.2 ],"texture":"#1"}
}
}
,
{"from": [7.2,4.0,7.2],
"to": [8.8,5.6,8.8],
"shade": true,
"faces": {
"up": {"uv": [ 7.2, 7.2, 8.8, 8.8 ],"texture":"#1"},
"down": {"uv": [ 7.2, 7.2, 8.8, 8.8 ],"texture":"#1"},
"north": {"uv": [ 7.2, 4.0, 8.8, 5.6 ],"texture":"#1"},
"south": {"uv": [ 7.2, 4.0, 8.8, 5.6 ],"texture":"#1"},
"west": {"uv": [ 7.2, 4.0, 8.8, 5.6 ],"texture":"#1"},
"east": {"uv": [ 7.2, 4.0, 8.8, 5.6 ],"texture":"#1"}
}
}
,
{"from": [5.6,2.4,5.6],
"to": [10.4,4.0,10.4],
"shade": true,
"faces": {
"up": {"uv": [ 5.6, 5.6, 10.4, 10.4 ],"texture":"#2"},
"down": {"uv": [ 5.6, 5.6, 10.4, 10.4 ],"texture":"#2"},
"north": {"uv": [ 5.6, 2.4, 10.4, 4.0 ],"texture":"#2"},
"south": {"uv": [ 5.6, 2.4, 10.4, 4.0 ],"texture":"#2"},
"west": {"uv": [ 5.6, 2.4, 10.4, 4.0 ],"texture":"#2"},
"east": {"uv": [ 5.6, 2.4, 10.4, 4.0 ],"texture":"#2"}
}
}
]
}
