{
"ambientocclusion": false,
"textures":{
"particle":"blocks/glass"
},
"elements":[
{"from": [0.0,0.0,0.0],
"to": [16.0,1.0,16.0],
"shade": true,
"faces": {
"up": {"uv": [ 0.0, 0.0, 16.0, 16.0 ],"texture":"#1"},
"down": {"uv": [ 0.0, 0.0, 16.0, 16.0 ],"texture":"#1"},
"north": {"uv": [ 0.0, 0.0, 16.0, 1.0 ],"texture":"#1"},
"south": {"uv": [ 0.0, 0.0, 16.0, 1.0 ],"texture":"#1"},
"west": {"uv": [ 0.0, 0.0, 16.0, 1.0 ],"texture":"#1"},
"east": {"uv": [ 0.0, 0.0, 16.0, 1.0 ],"texture":"#1"}
}
}
,
{"from": [0.0,1.0,0.0],
"to": [1.0,16.0,1.0],
"shade": true,
"faces": {
"up": {"uv": [ 0.0, 0.0, 1.0, 1.0 ],"texture":"#1"},
"down": {"uv": [ 0.0, 0.0, 1.0, 1.0 ],"texture":"#1"},
"north": {"uv": [ 0.0, 1.0, 1.0, 16.0 ],"texture":"#1"},
"south": {"uv": [ 0.0, 1.0, 1.0, 16.0 ],"texture":"#1"},
"west": {"uv": [ 0.0, 1.0, 1.0, 16.0 ],"texture":"#1"},
"east": {"uv": [ 0.0, 1.0, 1.0, 16.0 ],"texture":"#1"}
}
}
,
{"from": [15.0,1.0,0.0],
"to": [16.0,16.0,1.0],
"shade": true,
"faces": {
"up": {"uv": [ 15.0, 0.0, 16.0, 1.0 ],"texture":"#1"},
"down": {"uv": [ 15.0, 0.0, 16.0, 1.0 ],"texture":"#1"},
"north": {"uv": [ 15.0, 1.0, 16.0, 16.0 ],"texture":"#1"},
"south": {"uv": [ 15.0, 1.0, 16.0, 16.0 ],"texture":"#1"},
"west": {"uv": [ 0.0, 1.0, 1.0, 16.0 ],"texture":"#1"},
"east": {"uv": [ 0.0, 1.0, 1.0, 16.0 ],"texture":"#1"}
}
}
,
{"from": [15.0,1.0,15.0],
"to": [16.0,16.0,16.0],
"shade": true,
"faces": {
"up": {"uv": [ 15.0, 15.0, 16.0, 16.0 ],"texture":"#1"},
"down": {"uv": [ 15.0, 15.0, 16.0, 16.0 ],"texture":"#1"},
"north": {"uv": [ 15.0, 1.0, 16.0, 16.0 ],"texture":"#1"},
"south": {"uv": [ 15.0, 1.0, 16.0, 16.0 ],"texture":"#1"},
"west": {"uv": [ 15.0, 1.0, 16.0, 16.0 ],"texture":"#1"},
"east": {"uv": [ 15.0, 1.0, 16.0, 16.0 ],"texture":"#1"}
}
}
,
{"from": [0.0,1.0,15.0],
"to": [1.0,16.0,16.0],
"shade": true,
"faces": {
"up": {"uv": [ 0.0, 15.0, 1.0, 16.0 ],"texture":"#1"},
"down": {"uv": [ 0.0, 15.0, 1.0, 16.0 ],"texture":"#1"},
"north": {"uv": [ 0.0, 1.0, 1.0, 16.0 ],"texture":"#1"},
"south": {"uv": [ 0.0, 1.0, 1.0, 16.0 ],"texture":"#1"},
"west": {"uv": [ 15.0, 1.0, 16.0, 16.0 ],"texture":"#1"},
"east": {"uv": [ 15.0, 1.0, 16.0, 16.0 ],"texture":"#1"}
}
}
,
{"from": [0.5,1.0,0.5],
"to": [15.5,16.0,0.5],
"shade": false,
"faces": {
"up": {"uv": [ 0.5, 0.5, 15.5, 0.5 ],"texture":"#2"},
"down": {"uv": [ 0.5, 0.5, 15.5, 0.5 ],"texture":"#2"},
"north": {"uv": [ 0.5, 1.0, 15.5, 16.0 ],"texture":"#2"},
"south": {"uv": [ 0.5, 1.0, 15.5, 16.0 ],"texture":"#2"},
"west": {"uv": [ 0.5, 1.0, 0.5, 16.0 ],"texture":"#2"},
"east": {"uv": [ 0.5, 1.0, 0.5, 16.0 ],"texture":"#2"}
}
}
,
{"from": [0.5,1.0,15.5],
"to": [15.5,16.0,15.5],
"shade": false,
"faces": {
"up": {"uv": [ 0.5, 15.5, 15.5, 15.5 ],"texture":"#2"},
"down": {"uv": [ 0.5, 15.5, 15.5, 15.5 ],"texture":"#2"},
"north": {"uv": [ 0.5, 1.0, 15.5, 16.0 ],"texture":"#2"},
"south": {"uv": [ 0.5, 1.0, 15.5, 16.0 ],"texture":"#2"},
"west": {"uv": [ 15.5, 1.0, 15.5, 16.0 ],"texture":"#2"},
"east": {"uv": [ 15.5, 1.0, 15.5, 16.0 ],"texture":"#2"}
}
}
,
{"from": [15.5,1.0,0.5],
"to": [15.5,16.0,15.5],
"shade": false,
"faces": {
"up": {"uv": [ 15.5, 0.5, 15.5, 15.5 ],"texture":"#2"},
"down": {"uv": [ 15.5, 0.5, 15.5, 15.5 ],"texture":"#2"},
"north": {"uv": [ 15.5, 1.0, 15.5, 16.0 ],"texture":"#2"},
"south": {"uv": [ 15.5, 1.0, 15.5, 16.0 ],"texture":"#2"},
"west": {"uv": [ 0.5, 1.0, 15.5, 16.0 ],"texture":"#2"},
"east": {"uv": [ 0.5, 1.0, 15.5, 16.0 ],"texture":"#2"}
}
}
]
}
