{
"textures":{
"particle":"blocks/torch"
},
"elements":[
{"from": [5.6,0.0,1.0],
"to": [10.4,7.2,4.8],
"shade": true,
"faces": {
"up": {"uv": [ 5.6, 1.0, 10.4, 4.8 ],"texture":"#1"},
"down": {"uv": [ 5.6, 1.0, 10.4, 4.8 ],"texture":"#1"},
"north": {"uv": [ 5.6, 0.0, 10.4, 7.2 ],"texture":"#1"},
"south": {"uv": [ 5.6, 0.0, 10.4, 7.2 ],"texture":"#1"},
"west": {"uv": [ 1.0, 0.0, 4.8, 7.2 ],"texture":"#1"},
"east": {"uv": [ 1.0, 0.0, 4.8, 7.2 ],"texture":"#1"}
}
}
,
{"from": [5.6,0.0,11.2],
"to": [10.4,7.2,15.0],
"shade": true,
"faces": {
"up": {"uv": [ 5.6, 11.2, 10.4, 15.0 ],"texture":"#1"},
"down": {"uv": [ 5.6, 11.2, 10.4, 15.0 ],"texture":"#1"},
"north": {"uv": [ 5.6, 0.0, 10.4, 7.2 ],"texture":"#1"},
"south": {"uv": [ 5.6, 0.0, 10.4, 7.2 ],"texture":"#1"},
"west": {"uv": [ 11.2, 0.0, 15.0, 7.2 ],"texture":"#1"},
"east": {"uv": [ 11.2, 0.0, 15.0, 7.2 ],"texture":"#1"}
}
}
,
{"from": [5.6,0.0,4.8],
"to": [10.4,7.2,11.2],
"shade": true,
"faces": {
"up": {"uv": [ 5.6, 4.8, 10.4, 11.2 ],"texture":"#2"},
"down": {"uv": [ 5.6, 4.8, 10.4, 11.2 ],"texture":"#2"},
"north": {"uv": [ 5.6, 0.0, 10.4, 7.2 ],"texture":"#2"},
"south": {"uv": [ 5.6, 0.0, 10.4, 7.2 ],"texture":"#2"},
"west": {"uv": [ 4.8, 0.0, 11.2, 7.2 ],"texture":"#2"},
"east": {"uv": [ 4.8, 0.0, 11.2, 7.2 ],"texture":"#2"}
}
}
,
{"from": [4.8,1.6,5.6],
"to": [5.6,5.6,10.4],
"shade": true,
"faces": {
"up": {"uv": [ 4.8, 5.6, 5.6, 10.4 ],"texture":"#3"},
"down": {"uv": [ 4.8, 5.6, 5.6, 10.4 ],"texture":"#3"},
"north": {"uv": [ 4.8, 1.6, 5.6, 5.6 ],"texture":"#3"},
"south": {"uv": [ 4.8, 1.6, 5.6, 5.6 ],"texture":"#3"},
"west": {"uv": [ 5.6, 1.6, 10.4, 5.6 ],"texture":"#3"},
"east": {"uv": [ 5.6, 1.6, 10.4, 5.6 ],"texture":"#3"}
}
}
,
{"from": [7.5,10.0,10.5],
"to": [8.5,11.0,11.5],
"shade": true,
"faces": {
"up": {"uv": [ 7.5, 10.5, 8.5, 11.5 ],"texture":"#4"},
"down": {"uv": [ 7.5, 10.5, 8.5, 11.5 ],"texture":"#4"},
"north": {"uv": [ 7.5, 10.0, 8.5, 11.0 ],"texture":"#4"},
"south": {"uv": [ 7.5, 10.0, 8.5, 11.0 ],"texture":"#4"},
"west": {"uv": [ 10.5, 10.0, 11.5, 11.0 ],"texture":"#4"},
"east": {"uv": [ 10.5, 10.0, 11.5, 11.0 ],"texture":"#4"}
}
}
,
{"from": [7.5,9.0,9.5],
"to": [8.5,10.0,10.5],
"shade": true,
"faces": {
"up": {"uv": [ 7.5, 9.5, 8.5, 10.5 ],"texture":"#4"},
"down": {"uv": [ 7.5, 9.5, 8.5, 10.5 ],"texture":"#4"},
"north": {"uv": [ 7.5, 9.0, 8.5, 10.0 ],"texture":"#4"},
"south": {"uv": [ 7.5, 9.0, 8.5, 10.0 ],"texture":"#4"},
"west": {"uv": [ 9.5, 9.0, 10.5, 10.0 ],"texture":"#4"},
"east": {"uv": [ 9.5, 9.0, 10.5, 10.0 ],"texture":"#4"}
}
}
,
{"from": [7.5,8.0,8.5],
"to": [8.5,9.0,9.5],
"shade": true,
"faces": {
"up": {"uv": [ 7.5, 8.5, 8.5, 9.5 ],"texture":"#4"},
"down": {"uv": [ 7.5, 8.5, 8.5, 9.5 ],"texture":"#4"},
"north": {"uv": [ 7.5, 8.0, 8.5, 9.0 ],"texture":"#4"},
"south": {"uv": [ 7.5, 8.0, 8.5, 9.0 ],"texture":"#4"},
"west": {"uv": [ 8.5, 8.0, 9.5, 9.0 ],"texture":"#4"},
"east": {"uv": [ 8.5, 8.0, 9.5, 9.0 ],"texture":"#4"}
}
}
,
{"from": [7.5,7.0,7.5],
"to": [8.5,8.0,8.5],
"shade": true,
"faces": {
"up": {"uv": [ 7.5, 7.5, 8.5, 8.5 ],"texture":"#4"},
"down": {"uv": [ 7.5, 7.5, 8.5, 8.5 ],"texture":"#4"},
"north": {"uv": [ 7.5, 7.0, 8.5, 8.0 ],"texture":"#4"},
"south": {"uv": [ 7.5, 7.0, 8.5, 8.0 ],"texture":"#4"},
"west": {"uv": [ 7.5, 7.0, 8.5, 8.0 ],"texture":"#4"},
"east": {"uv": [ 7.5, 7.0, 8.5, 8.0 ],"texture":"#4"}
}
}
,
{"from": [7.5,8.0,6.5],
"to": [8.5,9.0,7.5],
"shade": true,
"faces": {
"up": {"uv": [ 7.5, 6.5, 8.5, 7.5 ],"texture":"#4"},
"down": {"uv": [ 7.5, 6.5, 8.5, 7.5 ],"texture":"#4"},
"north": {"uv": [ 7.5, 8.0, 8.5, 9.0 ],"texture":"#4"},
"south": {"uv": [ 7.5, 8.0, 8.5, 9.0 ],"texture":"#4"},
"west": {"uv": [ 6.5, 8.0, 7.5, 9.0 ],"texture":"#4"},
"east": {"uv": [ 6.5, 8.0, 7.5, 9.0 ],"texture":"#4"}
}
}
,
{"from": [7.5,9.0,5.5],
"to": [8.5,10.0,6.5],
"shade": true,
"faces": {
"up": {"uv": [ 7.5, 5.5, 8.5, 6.5 ],"texture":"#4"},
"down": {"uv": [ 7.5, 5.5, 8.5, 6.5 ],"texture":"#4"},
"north": {"uv": [ 7.5, 9.0, 8.5, 10.0 ],"texture":"#4"},
"south": {"uv": [ 7.5, 9.0, 8.5, 10.0 ],"texture":"#4"},
"west": {"uv": [ 5.5, 9.0, 6.5, 10.0 ],"texture":"#4"},
"east": {"uv": [ 5.5, 9.0, 6.5, 10.0 ],"texture":"#4"}
}
}
,
{"from": [7.5,10.0,4.5],
"to": [8.5,11.0,5.5],
"shade": true,
"faces": {
"up": {"uv": [ 7.5, 4.5, 8.5, 5.5 ],"texture":"#4"},
"down": {"uv": [ 7.5, 4.5, 8.5, 5.5 ],"texture":"#4"},
"north": {"uv": [ 7.5, 10.0, 8.5, 11.0 ],"texture":"#4"},
"south": {"uv": [ 7.5, 10.0, 8.5, 11.0 ],"texture":"#4"},
"west": {"uv": [ 4.5, 10.0, 5.5, 11.0 ],"texture":"#4"},
"east": {"uv": [ 4.5, 10.0, 5.5, 11.0 ],"texture":"#4"}
}
}
,
{"from": [7.5,10.0,4.5],
"to": [8.5,11.0,5.5],
"shade": true,
"faces": {
"up": {"uv": [ 7.5, 4.5, 8.5, 5.5 ],"texture":"#4"},
"down": {"uv": [ 7.5, 4.5, 8.5, 5.5 ],"texture":"#4"},
"north": {"uv": [ 7.5, 10.0, 8.5, 11.0 ],"texture":"#4"},
"south": {"uv": [ 7.5, 10.0, 8.5, 11.0 ],"texture":"#4"},
"west": {"uv": [ 4.5, 10.0, 5.5, 11.0 ],"texture":"#4"},
"east": {"uv": [ 4.5, 10.0, 5.5, 11.0 ],"texture":"#4"}
}
}
]
}
