{
"textures":{
"particle":"blocks/torch"
},
"elements":[
{"from": [1.0,0.0,1.0],
"to": [6.0,0.5,6.0],
"shade": false,
"faces": {
"up": {"uv": [ 1.0, 1.0, 6.0, 6.0 ],"texture":"#1"},
"down": {"uv": [ 1.0, 1.0, 6.0, 6.0 ],"texture":"#1"},
"north": {"uv": [ 1.0, 0.0, 6.0, 0.5 ],"texture":"#1"},
"south": {"uv": [ 1.0, 0.0, 6.0, 0.5 ],"texture":"#1"},
"west": {"uv": [ 1.0, 0.0, 6.0, 0.5 ],"texture":"#1"},
"east": {"uv": [ 1.0, 0.0, 6.0, 0.5 ],"texture":"#1"}
}
}
,
{"from": [2.0,0.0,8.0],
"to": [6.0,0.5,12.0],
"shade": false,
"faces": {
"up": {"uv": [ 2.0, 8.0, 6.0, 12.0 ],"texture":"#1"},
"down": {"uv": [ 2.0, 8.0, 6.0, 12.0 ],"texture":"#1"},
"north": {"uv": [ 2.0, 0.0, 6.0, 0.5 ],"texture":"#1"},
"south": {"uv": [ 2.0, 0.0, 6.0, 0.5 ],"texture":"#1"},
"west": {"uv": [ 8.0, 0.0, 12.0, 0.5 ],"texture":"#1"},
"east": {"uv": [ 8.0, 0.0, 12.0, 0.5 ],"texture":"#1"}
}
}
,
{"from": [1.0,0.0,13.0],
"to": [3.0,0.5,14.84],
"shade": false,
"faces": {
"up": {"uv": [ 1.0, 13.0, 3.0, 14.84 ],"texture":"#1"},
"down": {"uv": [ 1.0, 13.0, 3.0, 14.84 ],"texture":"#1"},
"north": {"uv": [ 1.0, 0.0, 3.0, 0.5 ],"texture":"#1"},
"south": {"uv": [ 1.0, 0.0, 3.0, 0.5 ],"texture":"#1"},
"west": {"uv": [ 13.0, 0.0, 14.84, 0.5 ],"texture":"#1"},
"east": {"uv": [ 13.0, 0.0, 14.84, 0.5 ],"texture":"#1"}
}
}
,
{"from": [7.0,0.0,4.0],
"to": [12.0,0.5,9.0],
"shade": false,
"faces": {
"up": {"uv": [ 7.0, 4.0, 12.0, 9.0 ],"texture":"#1"},
"down": {"uv": [ 7.0, 4.0, 12.0, 9.0 ],"texture":"#1"},
"north": {"uv": [ 7.0, 0.0, 12.0, 0.5 ],"texture":"#1"},
"south": {"uv": [ 7.0, 0.0, 12.0, 0.5 ],"texture":"#1"},
"west": {"uv": [ 4.0, 0.0, 9.0, 0.5 ],"texture":"#1"},
"east": {"uv": [ 4.0, 0.0, 9.0, 0.5 ],"texture":"#1"}
}
}
,
{"from": [7.0,0.0,12.0],
"to": [10.0,0.5,15.0],
"shade": false,
"faces": {
"up": {"uv": [ 7.0, 12.0, 10.0, 15.0 ],"texture":"#1"},
"down": {"uv": [ 7.0, 12.0, 10.0, 15.0 ],"texture":"#1"},
"north": {"uv": [ 7.0, 0.0, 10.0, 0.5 ],"texture":"#1"},
"south": {"uv": [ 7.0, 0.0, 10.0, 0.5 ],"texture":"#1"},
"west": {"uv": [ 12.0, 0.0, 15.0, 0.5 ],"texture":"#1"},
"east": {"uv": [ 12.0, 0.0, 15.0, 0.5 ],"texture":"#1"}
}
}
,
{"from": [10.0,0.0,1.0],
"to": [12.0,0.5,3.0],
"shade": false,
"faces": {
"up": {"uv": [ 10.0, 1.0, 12.0, 3.0 ],"texture":"#1"},
"down": {"uv": [ 10.0, 1.0, 12.0, 3.0 ],"texture":"#1"},
"north": {"uv": [ 10.0, 0.0, 12.0, 0.5 ],"texture":"#1"},
"south": {"uv": [ 10.0, 0.0, 12.0, 0.5 ],"texture":"#1"},
"west": {"uv": [ 1.0, 0.0, 3.0, 0.5 ],"texture":"#1"},
"east": {"uv": [ 1.0, 0.0, 3.0, 0.5 ],"texture":"#1"}
}
}
,
{"from": [11.0,0.0,10.0],
"to": [14.0,0.5,13.0],
"shade": false,
"faces": {
"up": {"uv": [ 11.0, 10.0, 14.0, 13.0 ],"texture":"#1"},
"down": {"uv": [ 11.0, 10.0, 14.0, 13.0 ],"texture":"#1"},
"north": {"uv": [ 11.0, 0.0, 14.0, 0.5 ],"texture":"#1"},
"south": {"uv": [ 11.0, 0.0, 14.0, 0.5 ],"texture":"#1"},
"west": {"uv": [ 10.0, 0.0, 13.0, 0.5 ],"texture":"#1"},
"east": {"uv": [ 10.0, 0.0, 13.0, 0.5 ],"texture":"#1"}
}
}
,
{"from": [13.0,0.0,4.0],
"to": [15.0,0.5,6.0],
"shade": false,
"faces": {
"up": {"uv": [ 13.0, 4.0, 15.0, 6.0 ],"texture":"#1"},
"down": {"uv": [ 13.0, 4.0, 15.0, 6.0 ],"texture":"#1"},
"north": {"uv": [ 13.0, 0.0, 15.0, 0.5 ],"texture":"#1"},
"south": {"uv": [ 13.0, 0.0, 15.0, 0.5 ],"texture":"#1"},
"west": {"uv": [ 4.0, 0.0, 6.0, 0.5 ],"texture":"#1"},
"east": {"uv": [ 4.0, 0.0, 6.0, 0.5 ],"texture":"#1"}
}
}
]
}
