{
"textures":{
"particle":"blocks/torch"
},
"elements":[
{"from": [3.0,0.0,1.0],
"to": [6.0,0.5,4.0],
"shade": false,
"faces": {
"up": {"uv": [ 3.0, 1.0, 6.0, 4.0 ],"texture":"#1"},
"down": {"uv": [ 3.0, 1.0, 6.0, 4.0 ],"texture":"#1"},
"north": {"uv": [ 3.0, 0.0, 6.0, 0.5 ],"texture":"#1"},
"south": {"uv": [ 3.0, 0.0, 6.0, 0.5 ],"texture":"#1"},
"west": {"uv": [ 1.0, 0.0, 4.0, 0.5 ],"texture":"#1"},
"east": {"uv": [ 1.0, 0.0, 4.0, 0.5 ],"texture":"#1"}
}
}
,
{"from": [1.0,0.0,6.0],
"to": [5.0,0.5,10.0],
"shade": false,
"faces": {
"up": {"uv": [ 1.0, 6.0, 5.0, 10.0 ],"texture":"#1"},
"down": {"uv": [ 1.0, 6.0, 5.0, 10.0 ],"texture":"#1"},
"north": {"uv": [ 1.0, 0.0, 5.0, 0.5 ],"texture":"#1"},
"south": {"uv": [ 1.0, 0.0, 5.0, 0.5 ],"texture":"#1"},
"west": {"uv": [ 6.0, 0.0, 10.0, 0.5 ],"texture":"#1"},
"east": {"uv": [ 6.0, 0.0, 10.0, 0.5 ],"texture":"#1"}
}
}
,
{"from": [2.0,0.0,11.0],
"to": [5.0,0.5,14.0],
"shade": false,
"faces": {
"up": {"uv": [ 2.0, 11.0, 5.0, 14.0 ],"texture":"#1"},
"down": {"uv": [ 2.0, 11.0, 5.0, 14.0 ],"texture":"#1"},
"north": {"uv": [ 2.0, 0.0, 5.0, 0.5 ],"texture":"#1"},
"south": {"uv": [ 2.0, 0.0, 5.0, 0.5 ],"texture":"#1"},
"west": {"uv": [ 11.0, 0.0, 14.0, 0.5 ],"texture":"#1"},
"east": {"uv": [ 11.0, 0.0, 14.0, 0.5 ],"texture":"#1"}
}
}
,
{"from": [7.0,0.0,9.0],
"to": [9.0,0.5,12.0],
"shade": false,
"faces": {
"up": {"uv": [ 7.0, 9.0, 9.0, 12.0 ],"texture":"#1"},
"down": {"uv": [ 7.0, 9.0, 9.0, 12.0 ],"texture":"#1"},
"north": {"uv": [ 7.0, 0.0, 9.0, 0.5 ],"texture":"#1"},
"south": {"uv": [ 7.0, 0.0, 9.0, 0.5 ],"texture":"#1"},
"west": {"uv": [ 9.0, 0.0, 12.0, 0.5 ],"texture":"#1"},
"east": {"uv": [ 9.0, 0.0, 12.0, 0.5 ],"texture":"#1"}
}
}
,
{"from": [8.0,0.0,13.0],
"to": [10.0,0.5,15.0],
"shade": false,
"faces": {
"up": {"uv": [ 8.0, 13.0, 10.0, 15.0 ],"texture":"#1"},
"down": {"uv": [ 8.0, 13.0, 10.0, 15.0 ],"texture":"#1"},
"north": {"uv": [ 8.0, 0.0, 10.0, 0.5 ],"texture":"#1"},
"south": {"uv": [ 8.0, 0.0, 10.0, 0.5 ],"texture":"#1"},
"west": {"uv": [ 13.0, 0.0, 15.0, 0.5 ],"texture":"#1"},
"east": {"uv": [ 13.0, 0.0, 15.0, 0.5 ],"texture":"#1"}
}
}
,
{"from": [10.0,0.0,2.0],
"to": [14.0,0.5,6.0],
"shade": false,
"faces": {
"up": {"uv": [ 10.0, 2.0, 14.0, 6.0 ],"texture":"#1"},
"down": {"uv": [ 10.0, 2.0, 14.0, 6.0 ],"texture":"#1"},
"north": {"uv": [ 10.0, 0.0, 14.0, 0.5 ],"texture":"#1"},
"south": {"uv": [ 10.0, 0.0, 14.0, 0.5 ],"texture":"#1"},
"west": {"uv": [ 2.0, 0.0, 6.0, 0.5 ],"texture":"#1"},
"east": {"uv": [ 2.0, 0.0, 6.0, 0.5 ],"texture":"#1"}
}
}
,
{"from": [11.0,0.0,7.0],
"to": [14.0,0.5,10.0],
"shade": false,
"faces": {
"up": {"uv": [ 11.0, 7.0, 14.0, 10.0 ],"texture":"#1"},
"down": {"uv": [ 11.0, 7.0, 14.0, 10.0 ],"texture":"#1"},
"north": {"uv": [ 11.0, 0.0, 14.0, 0.5 ],"texture":"#1"},
"south": {"uv": [ 11.0, 0.0, 14.0, 0.5 ],"texture":"#1"},
"west": {"uv": [ 7.0, 0.0, 10.0, 0.5 ],"texture":"#1"},
"east": {"uv": [ 7.0, 0.0, 10.0, 0.5 ],"texture":"#1"}
}
}
,
{"from": [11.0,0.0,11.0],
"to": [15.0,0.5,15.0],
"shade": false,
"faces": {
"up": {"uv": [ 11.0, 11.0, 15.0, 15.0 ],"texture":"#1"},
"down": {"uv": [ 11.0, 11.0, 15.0, 15.0 ],"texture":"#1"},
"north": {"uv": [ 11.0, 0.0, 15.0, 0.5 ],"texture":"#1"},
"south": {"uv": [ 11.0, 0.0, 15.0, 0.5 ],"texture":"#1"},
"west": {"uv": [ 11.0, 0.0, 15.0, 0.5 ],"texture":"#1"},
"east": {"uv": [ 11.0, 0.0, 15.0, 0.5 ],"texture":"#1"}
}
}
]
}
