{
"textures":{
"particle":"blocks/torch"
},
"elements":[
{"from": [7.0,0.0,7.0],
"to": [9.0,12.8,9.0],
"shade": false,
"faces": {
"up": {"uv": [ 7.0, 7.0, 9.0, 9.0 ],"texture":"#1"},
"down": {"uv": [ 7.0, 7.0, 9.0, 9.0 ],"texture":"#1"},
"north": {"uv": [ 7.0, 0.0, 9.0, 12.8 ],"texture":"#1"},
"south": {"uv": [ 7.0, 0.0, 9.0, 12.8 ],"texture":"#1"},
"west": {"uv": [ 7.0, 0.0, 9.0, 12.8 ],"texture":"#1"},
"east": {"uv": [ 7.0, 0.0, 9.0, 12.8 ],"texture":"#1"}
}
}
,
{"from": [7.5,14.4,7.5],
"to": [8.5,15.2,8.5],
"shade": false,
"faces": {
"up": {"uv": [ 7.5, 7.5, 8.5, 8.5 ],"texture":"#2"},
"down": {"uv": [ 7.5, 7.5, 8.5, 8.5 ],"texture":"#2"},
"north": {"uv": [ 7.5, 14.4, 8.5, 15.2 ],"texture":"#2"},
"south": {"uv": [ 7.5, 14.4, 8.5, 15.2 ],"texture":"#2"},
"west": {"uv": [ 7.5, 14.4, 8.5, 15.2 ],"texture":"#2"},
"east": {"uv": [ 7.5, 14.4, 8.5, 15.2 ],"texture":"#2"}
}
}
,
{"from": [6.22,15.2,7.5],
"to": [9.78,16.0,8.5],
"shade": false,
"faces": {
"up": {"uv": [ 6.22, 7.5, 9.78, 8.5 ],"texture":"#2"},
"down": {"uv": [ 6.22, 7.5, 9.78, 8.5 ],"texture":"#2"},
"north": {"uv": [ 6.22, 15.2, 9.78, 16.0 ],"texture":"#2"},
"south": {"uv": [ 6.22, 15.2, 9.78, 16.0 ],"texture":"#2"},
"west": {"uv": [ 7.5, 15.2, 8.5, 16.0 ],"texture":"#2"},
"east": {"uv": [ 7.5, 15.2, 8.5, 16.0 ],"texture":"#2"}
}
}
,
{"from": [7.5,15.2,6.22],
"to": [8.5,16.0,9.78],
"shade": false,
"faces": {
"up": {"uv": [ 7.5, 6.22, 8.5, 9.78 ],"texture":"#2"},
"down": {"uv": [ 7.5, 6.22, 8.5, 9.78 ],"texture":"#2"},
"north": {"uv": [ 7.5, 15.2, 8.5, 16.0 ],"texture":"#2"},
"south": {"uv": [ 7.5, 15.2, 8.5, 16.0 ],"texture":"#2"},
"west": {"uv": [ 6.22, 15.2, 9.78, 16.0 ],"texture":"#2"},
"east": {"uv": [ 6.22, 15.2, 9.78, 16.0 ],"texture":"#2"}
}
}
,
{"from": [2.0,12.8,7.0],
"to": [9.0,14.4,9.0],
"shade": true,
"faces": {
"up": {"uv": [ 2.0, 7.0, 9.0, 9.0 ],"texture":"#3"},
"down": {"uv": [ 2.0, 7.0, 9.0, 9.0 ],"texture":"#3"},
"north": {"uv": [ 2.0, 12.8, 9.0, 14.4 ],"texture":"#3"},
"south": {"uv": [ 2.0, 12.8, 9.0, 14.4 ],"texture":"#3"},
"west": {"uv": [ 7.0, 12.8, 9.0, 14.4 ],"texture":"#3"},
"east": {"uv": [ 7.0, 12.8, 9.0, 14.4 ],"texture":"#3"}
}
}
,
{"from": [2.0,11.2,7.0],
"to": [4.0,12.8,9.0],
"shade": true,
"faces": {
"up": {"uv": [ 2.0, 7.0, 4.0, 9.0 ],"texture":"#3"},
"down": {"uv": [ 2.0, 7.0, 4.0, 9.0 ],"texture":"#3"},
"north": {"uv": [ 2.0, 11.2, 4.0, 12.8 ],"texture":"#3"},
"south": {"uv": [ 2.0, 11.2, 4.0, 12.8 ],"texture":"#3"},
"west": {"uv": [ 7.0, 11.2, 9.0, 12.8 ],"texture":"#3"},
"east": {"uv": [ 7.0, 11.2, 9.0, 12.8 ],"texture":"#3"}
}
}
]
}
