{
"textures":{
"particle":"blocks/torch"
},
"elements":[
{"from": [5.5,0.0,3.5],
"to": [6.5,6.4,12.5],
"shade": true,
"faces": {
"up": {"uv": [ 5.5, 3.5, 6.5, 12.5 ],"texture":"#1"},
"down": {"uv": [ 5.5, 3.5, 6.5, 12.5 ],"texture":"#1"},
"north": {"uv": [ 5.5, 0.0, 6.5, 6.4 ],"texture":"#1"},
"south": {"uv": [ 5.5, 0.0, 6.5, 6.4 ],"texture":"#1"},
"west": {"uv": [ 3.5, 0.0, 12.5, 6.4 ],"texture":"#1"},
"east": {"uv": [ 3.5, 0.0, 12.5, 6.4 ],"texture":"#1"}
}
}
,
{"from": [9.5,0.0,3.5],
"to": [10.5,6.4,12.5],
"shade": true,
"faces": {
"up": {"uv": [ 9.5, 3.5, 10.5, 12.5 ],"texture":"#1"},
"down": {"uv": [ 9.5, 3.5, 10.5, 12.5 ],"texture":"#1"},
"north": {"uv": [ 9.5, 0.0, 10.5, 6.4 ],"texture":"#1"},
"south": {"uv": [ 9.5, 0.0, 10.5, 6.4 ],"texture":"#1"},
"west": {"uv": [ 3.5, 0.0, 12.5, 6.4 ],"texture":"#1"},
"east": {"uv": [ 3.5, 0.0, 12.5, 6.4 ],"texture":"#1"}
}
}
,
{"from": [7.5,0.0,4.5],
"to": [8.5,6.4,11.5],
"shade": true,
"faces": {
"up": {"uv": [ 7.5, 4.5, 8.5, 11.5 ],"texture":"#1"},
"down": {"uv": [ 7.5, 4.5, 8.5, 11.5 ],"texture":"#1"},
"north": {"uv": [ 7.5, 0.0, 8.5, 6.4 ],"texture":"#1"},
"south": {"uv": [ 7.5, 0.0, 8.5, 6.4 ],"texture":"#1"},
"west": {"uv": [ 4.5, 0.0, 11.5, 6.4 ],"texture":"#1"},
"east": {"uv": [ 4.5, 0.0, 11.5, 6.4 ],"texture":"#1"}
}
}
,
{"from": [6.5,0.0,3.5],
"to": [9.5,6.4,4.5],
"shade": true,
"faces": {
"up": {"uv": [ 6.5, 3.5, 9.5, 4.5 ],"texture":"#1"},
"down": {"uv": [ 6.5, 3.5, 9.5, 4.5 ],"texture":"#1"},
"north": {"uv": [ 6.5, 0.0, 9.5, 6.4 ],"texture":"#1"},
"south": {"uv": [ 6.5, 0.0, 9.5, 6.4 ],"texture":"#1"},
"west": {"uv": [ 3.5, 0.0, 4.5, 6.4 ],"texture":"#1"},
"east": {"uv": [ 3.5, 0.0, 4.5, 6.4 ],"texture":"#1"}
}
}
,
{"from": [6.5,0.0,11.5],
"to": [9.5,6.4,12.5],
"shade": true,
"faces": {
"up": {"uv": [ 6.5, 11.5, 9.5, 12.5 ],"texture":"#1"},
"down": {"uv": [ 6.5, 11.5, 9.5, 12.5 ],"texture":"#1"},
"north": {"uv": [ 6.5, 0.0, 9.5, 6.4 ],"texture":"#1"},
"south": {"uv": [ 6.5, 0.0, 9.5, 6.4 ],"texture":"#1"},
"west": {"uv": [ 11.5, 0.0, 12.5, 6.4 ],"texture":"#1"},
"east": {"uv": [ 11.5, 0.0, 12.5, 6.4 ],"texture":"#1"}
}
}
,
{"from": [5.0,0.0,3.0],
"to": [11.0,1.0,13.0],
"shade": true,
"faces": {
"up": {"uv": [ 5.0, 3.0, 11.0, 13.0 ],"texture":"#2"},
"down": {"uv": [ 5.0, 3.0, 11.0, 13.0 ],"texture":"#2"},
"north": {"uv": [ 5.0, 0.0, 11.0, 1.0 ],"texture":"#2"},
"south": {"uv": [ 5.0, 0.0, 11.0, 1.0 ],"texture":"#2"},
"west": {"uv": [ 3.0, 0.0, 13.0, 1.0 ],"texture":"#2"},
"east": {"uv": [ 3.0, 0.0, 13.0, 1.0 ],"texture":"#2"}
}
}
,
{"from": [7.0,4.0,2.5],
"to": [9.0,4.8,3.5],
"shade": true,
"faces": {
"up": {"uv": [ 7.0, 2.5, 9.0, 3.5 ],"texture":"#3"},
"down": {"uv": [ 7.0, 2.5, 9.0, 3.5 ],"texture":"#3"},
"north": {"uv": [ 7.0, 4.0, 9.0, 4.8 ],"texture":"#3"},
"south": {"uv": [ 7.0, 4.0, 9.0, 4.8 ],"texture":"#3"},
"west": {"uv": [ 2.5, 4.0, 3.5, 4.8 ],"texture":"#3"},
"east": {"uv": [ 2.5, 4.0, 3.5, 4.8 ],"texture":"#3"}
}
}
]
}
