{
"textures":{
"particle":"blocks/torch"
},
"elements":[
{"from": [6.4,6.4,6.4],
"to": [11.2,6.416,9.6],
"shade": true,
"faces": {
"up": {"uv": [ 6.4, 6.4, 11.2, 9.6 ],"texture":"#0"},
"down": {"uv": [ 6.4, 6.4, 11.2, 9.6 ],"texture":"#0"},
"north": {"uv": [ 6.4, 6.4, 11.2, 6.416 ],"texture":"#0"},
"south": {"uv": [ 6.4, 6.4, 11.2, 6.416 ],"texture":"#0"},
"west": {"uv": [ 6.4, 6.4, 9.6, 6.416 ],"texture":"#0"},
"east": {"uv": [ 6.4, 6.4, 9.6, 6.416 ],"texture":"#0"}
}
}
,
{"from": [3.2,0.0,4.0],
"to": [14.4,4.8,12.0],
"shade": true,
"faces": {
"up": {"uv": [ 3.2, 4.0, 14.4, 12.0 ],"texture":"#1"},
"down": {"uv": [ 3.2, 4.0, 14.4, 12.0 ],"texture":"#1"},
"north": {"uv": [ 3.2, 0.0, 14.4, 4.8 ],"texture":"#1"},
"south": {"uv": [ 3.2, 0.0, 14.4, 4.8 ],"texture":"#1"},
"west": {"uv": [ 4.0, 0.0, 12.0, 4.8 ],"texture":"#1"},
"east": {"uv": [ 4.0, 0.0, 12.0, 4.8 ],"texture":"#1"}
}
}
,
{"from": [10.4,4.8,2.4],
"to": [16.0,16.0,13.6],
"shade": true,
"faces": {
"up": {"uv": [ 10.4, 2.4, 16.0, 13.6 ],"texture":"#1"},
"down": {"uv": [ 10.4, 2.4, 16.0, 13.6 ],"texture":"#1"},
"north": {"uv": [ 10.4, 4.8, 16.0, 16.0 ],"texture":"#1"},
"south": {"uv": [ 10.4, 4.8, 16.0, 16.0 ],"texture":"#1"},
"west": {"uv": [ 2.4, 4.8, 13.6, 16.0 ],"texture":"#1"},
"east": {"uv": [ 2.4, 4.8, 13.6, 16.0 ],"texture":"#1"}
}
}
,
{"from": [9.6,16.0,1.6],
"to": [16.0,17.6,14.4],
"shade": true,
"faces": {
"up": {"uv": [ 9.6, 1.6, 16.0, 14.4 ],"texture":"#1"},
"down": {"uv": [ 9.6, 1.6, 16.0, 14.4 ],"texture":"#1"},
"north": {"uv": [ 9.6, 14.399999999999999, 16.0, 16.0 ],"texture":"#1"},
"south": {"uv": [ 9.6, 14.399999999999999, 16.0, 16.0 ],"texture":"#1"},
"west": {"uv": [ 1.6, 14.399999999999999, 14.4, 16.0 ],"texture":"#1"},
"east": {"uv": [ 1.6, 14.399999999999999, 14.4, 16.0 ],"texture":"#1"}
}
}
,
{"from": [1.6,4.8,2.4],
"to": [10.4,9.6,4.0],
"shade": true,
"faces": {
"up": {"uv": [ 1.6, 2.4, 10.4, 4.0 ],"texture":"#1"},
"down": {"uv": [ 1.6, 2.4, 10.4, 4.0 ],"texture":"#1"},
"north": {"uv": [ 1.6, 4.8, 10.4, 9.6 ],"texture":"#1"},
"south": {"uv": [ 1.6, 4.8, 10.4, 9.6 ],"texture":"#1"},
"west": {"uv": [ 2.4, 4.8, 4.0, 9.6 ],"texture":"#1"},
"east": {"uv": [ 2.4, 4.8, 4.0, 9.6 ],"texture":"#1"}
}
}
,
{"from": [1.6,4.8,4.0],
"to": [3.2,9.6,12.0],
"shade": true,
"faces": {
"up": {"uv": [ 1.6, 4.0, 3.2, 12.0 ],"texture":"#1"},
"down": {"uv": [ 1.6, 4.0, 3.2, 12.0 ],"texture":"#1"},
"north": {"uv": [ 1.6, 4.8, 3.2, 9.6 ],"texture":"#1"},
"south": {"uv": [ 1.6, 4.8, 3.2, 9.6 ],"texture":"#1"},
"west": {"uv": [ 4.0, 4.8, 12.0, 9.6 ],"texture":"#1"},
"east": {"uv": [ 4.0, 4.8, 12.0, 9.6 ],"texture":"#1"}
}
}
,
{"from": [1.6,4.8,12.0],
"to": [10.4,9.6,13.6],
"shade": true,
"faces": {
"up": {"uv": [ 1.6, 12.0, 10.4, 13.6 ],"texture":"#1"},
"down": {"uv": [ 1.6, 12.0, 10.4, 13.6 ],"texture":"#1"},
"north": {"uv": [ 1.6, 4.8, 10.4, 9.6 ],"texture":"#1"},
"south": {"uv": [ 1.6, 4.8, 10.4, 9.6 ],"texture":"#1"},
"west": {"uv": [ 12.0, 4.8, 13.6, 9.6 ],"texture":"#1"},
"east": {"uv": [ 12.0, 4.8, 13.6, 9.6 ],"texture":"#1"}
}
}
,
{"from": [6.4,4.8,4.0],
"to": [11.2,5.6,6.4],
"shade": true,
"faces": {
"up": {"uv": [ 6.4, 4.0, 11.2, 6.4 ],"texture":"#1"},
"down": {"uv": [ 6.4, 4.0, 11.2, 6.4 ],"texture":"#1"},
"north": {"uv": [ 6.4, 4.8, 11.2, 5.6 ],"texture":"#1"},
"south": {"uv": [ 6.4, 4.8, 11.2, 5.6 ],"texture":"#1"},
"west": {"uv": [ 4.0, 4.8, 6.4, 5.6 ],"texture":"#1"},
"east": {"uv": [ 4.0, 4.8, 6.4, 5.6 ],"texture":"#1"}
}
}
,
{"from": [6.4,4.8,9.6],
"to": [11.2,5.6,12.0],
"shade": true,
"faces": {
"up": {"uv": [ 6.4, 9.6, 11.2, 12.0 ],"texture":"#1"},
"down": {"uv": [ 6.4, 9.6, 11.2, 12.0 ],"texture":"#1"},
"north": {"uv": [ 6.4, 4.8, 11.2, 5.6 ],"texture":"#1"},
"south": {"uv": [ 6.4, 4.8, 11.2, 5.6 ],"texture":"#1"},
"west": {"uv": [ 9.6, 4.8, 12.0, 5.6 ],"texture":"#1"},
"east": {"uv": [ 9.6, 4.8, 12.0, 5.6 ],"texture":"#1"}
}
}
,
{"from": [3.2,4.8,4.0],
"to": [11.2,6.4,12.0],
"shade": true,
"faces": {
"up": {"uv": [ 3.2, 4.0, 11.2, 12.0 ],"texture":"#1"},
"down": {"uv": [ 3.2, 4.0, 11.2, 12.0 ],"texture":"#1"},
"north": {"uv": [ 3.2, 4.8, 11.2, 6.4 ],"texture":"#1"},
"south": {"uv": [ 3.2, 4.8, 11.2, 6.4 ],"texture":"#1"},
"west": {"uv": [ 4.0, 4.8, 12.0, 6.4 ],"texture":"#1"},
"east": {"uv": [ 4.0, 4.8, 12.0, 6.4 ],"texture":"#1"}
}
}
,
{"from": [11.2,6.4,6.24],
"to": [12.8,18.4,7.84],
"shade": true,
"faces": {
"up": {"uv": [ 11.2, 6.24, 12.8, 7.84 ],"texture":"#2"},
"down": {"uv": [ 11.2, 6.24, 12.8, 7.84 ],"texture":"#2"},
"north": {"uv": [ 11.2, 4.000000000000002, 12.8, 16.0 ],"texture":"#2"},
"south": {"uv": [ 11.2, 4.000000000000002, 12.8, 16.0 ],"texture":"#2"},
"west": {"uv": [ 6.24, 4.000000000000002, 7.84, 16.0 ],"texture":"#2"},
"east": {"uv": [ 6.24, 4.000000000000002, 7.84, 16.0 ],"texture":"#2"}
}
}
,
{"from": [11.2,6.4,8.16],
"to": [12.8,18.4,9.76],
"shade": true,
"faces": {
"up": {"uv": [ 11.2, 8.16, 12.8, 9.76 ],"texture":"#2"},
"down": {"uv": [ 11.2, 8.16, 12.8, 9.76 ],"texture":"#2"},
"north": {"uv": [ 11.2, 4.000000000000002, 12.8, 16.0 ],"texture":"#2"},
"south": {"uv": [ 11.2, 4.000000000000002, 12.8, 16.0 ],"texture":"#2"},
"west": {"uv": [ 8.16, 4.000000000000002, 9.76, 16.0 ],"texture":"#2"},
"east": {"uv": [ 8.16, 4.000000000000002, 9.76, 16.0 ],"texture":"#2"}
}
}
]
}
