{
"textures":{
"particle":"blocks/torch"
},
"elements":[
{"from": [1.6,0.0,1.6],
"to": [9.6,1.6,14.4],
"shade": true,
"faces": {
"up": {"uv": [ 1.6, 1.6, 9.6, 14.4 ],"texture":"#1"},
"down": {"uv": [ 1.6, 1.6, 9.6, 14.4 ],"texture":"#1"},
"north": {"uv": [ 1.6, 0.0, 9.6, 1.6 ],"texture":"#1"},
"south": {"uv": [ 1.6, 0.0, 9.6, 1.6 ],"texture":"#1"},
"west": {"uv": [ 1.6, 0.0, 14.4, 1.6 ],"texture":"#1"},
"east": {"uv": [ 1.6, 0.0, 14.4, 1.6 ],"texture":"#1"}
}
}
,
{"from": [1.6,11.2,1.6],
"to": [9.6,12.8,14.4],
"shade": true,
"faces": {
"up": {"uv": [ 1.6, 1.6, 9.6, 14.4 ],"texture":"#1"},
"down": {"uv": [ 1.6, 1.6, 9.6, 14.4 ],"texture":"#1"},
"north": {"uv": [ 1.6, 11.2, 9.6, 12.8 ],"texture":"#1"},
"south": {"uv": [ 1.6, 11.2, 9.6, 12.8 ],"texture":"#1"},
"west": {"uv": [ 1.6, 11.2, 14.4, 12.8 ],"texture":"#1"},
"east": {"uv": [ 1.6, 11.2, 14.4, 12.8 ],"texture":"#1"}
}
}
,
{"from": [1.6,1.6,1.6],
"to": [9.6,11.2,3.2],
"shade": true,
"faces": {
"up": {"uv": [ 1.6, 1.6, 9.6, 3.2 ],"texture":"#1"},
"down": {"uv": [ 1.6, 1.6, 9.6, 3.2 ],"texture":"#1"},
"north": {"uv": [ 1.6, 1.6, 9.6, 11.2 ],"texture":"#1"},
"south": {"uv": [ 1.6, 1.6, 9.6, 11.2 ],"texture":"#1"},
"west": {"uv": [ 1.6, 1.6, 3.2, 11.2 ],"texture":"#1"},
"east": {"uv": [ 1.6, 1.6, 3.2, 11.2 ],"texture":"#1"}
}
}
,
{"from": [1.6,1.6,12.8],
"to": [9.6,11.2,14.4],
"shade": true,
"faces": {
"up": {"uv": [ 1.6, 12.8, 9.6, 14.4 ],"texture":"#1"},
"down": {"uv": [ 1.6, 12.8, 9.6, 14.4 ],"texture":"#1"},
"north": {"uv": [ 1.6, 1.6, 9.6, 11.2 ],"texture":"#1"},
"south": {"uv": [ 1.6, 1.6, 9.6, 11.2 ],"texture":"#1"},
"west": {"uv": [ 12.8, 1.6, 14.4, 11.2 ],"texture":"#1"},
"east": {"uv": [ 12.8, 1.6, 14.4, 11.2 ],"texture":"#1"}
}
}
,
{"from": [3.2,1.6,3.2],
"to": [8.0,11.2,12.8],
"shade": true,
"faces": {
"up": {"uv": [ 3.2, 3.2, 8.0, 12.8 ],"texture":"#5"},
"down": {"uv": [ 3.2, 3.2, 8.0, 12.8 ],"texture":"#5"},
"north": {"uv": [ 3.2, 1.6, 8.0, 11.2 ],"texture":"#5"},
"south": {"uv": [ 3.2, 1.6, 8.0, 11.2 ],"texture":"#5"},
"west": {"uv": [ 3.2, 1.6, 12.8, 11.2 ],"texture":"#5"},
"east": {"uv": [ 3.2, 1.6, 12.8, 11.2 ],"texture":"#5"}
}
}
,
{"from": [8.0,1.0,3.2],
"to": [14.4,11.2,12.8],
"shade": true,
"faces": {
"up": {"uv": [ 8.0, 3.2, 14.4, 12.8 ],"texture":"#6"},
"down": {"uv": [ 8.0, 3.2, 14.4, 12.8 ],"texture":"#6"},
"north": {"uv": [ 8.0, 1.0, 14.4, 11.2 ],"texture":"#6"},
"south": {"uv": [ 8.0, 1.0, 14.4, 11.2 ],"texture":"#6"},
"west": {"uv": [ 3.2, 1.0, 12.8, 11.2 ],"texture":"#6"},
"east": {"uv": [ 3.2, 1.0, 12.8, 11.2 ],"texture":"#6"}
}
}
]
}
