{
    "variants": {
        "snowy=false": [
            { "model": "grass_normal" },
            { "model": "grass_normal", "y": 90 },
            { "model": "grass_normal", "y": 180 },
            { "model": "grass_normal", "y": 270 },
            { "model": "grass_normal_1" },
            { "model": "grass_normal_1", "y": 90 },
            { "model": "grass_normal_1", "y": 180 },
            { "model": "grass_normal_1", "y": 270 },
            { "model": "grass_normal_2" },
            { "model": "grass_normal_2", "y": 90 },
            { "model": "grass_normal_2", "y": 180 },
            { "model": "grass_normal_2", "y": 270 }
        ],
        "snowy=true":  { "model": "grass_snowed" }
    }
}
